id,activity_type,distance_miles,moving_time,average_heartrate,max_heartrate
7294,Run,2.01,15.35,143.5,166
7295,Run,4.02,30.28,147.2,175
7296,Run,4.01,30.45,149.8,171
7297,Run,4.01,30.07,150.6,168
7298,Run,3.01,22.93,180.4,197
7299,Run,0.58,3,172.6,203
7300,Run,1.15,8.87,156,174
7301,Run,0.49,4.02,145.4,159
7302,Run,1.11,8.73,141.2,157
7303,Run,0.76,4.08,182.4,201
7304,Run,3.12,23.97,139.9,169
7305,Run,1,15.9,127.1,177
7306,Run,2.51,20.87,153.4,165
7307,Run,3.03,23.68,149.6,166
7308,Run,8.01,57.5,172.9,186
7309,Run,1.51,11.97,145,164
7310,Run,3.32,26.6,158.4,172
7311,Run,1.25,21.28,112.4,152
7312,Run,0.29,2.42,146.8,160
7313,Run,0.72,3.58,185,204
7314,Run,0.83,6.35,134.7,155
7315,Run,2.02,15.65,156.1,173
7316,Run,1.66,12.37,144.9,159
7317,Run,3.36,30.78,135.2,147
7318,Run,0.33,2.68,125.6,143
7319,Run,3.51,27.12,158,176
7320,Run,1.11,9.9,152.7,162
7321,Run,0.51,2.15,175.5,183
7322,Run,2.17,17.1,158.9,171
7323,Run,3.74,30.08,144.4,159
7324,Run,4.01,29.98,137.4,155
7325,Run,8.02,58.72,155.1,184
7326,Run,0.81,8.1,142.6,160
7327,Run,1.24,5.18,164.1,186
7328,Run,2.04,16.42,139.7,162
7329,Run,4.44,39.5,139.6,158
7330,Run,3.52,27.8,150.8,168
7331,Walk,4.03,106.37,0,0
7332,Run,2.95,24.1,135.8,154
7333,Run,2.25,30.02,113.8,147
7334,Run,2.01,14.6,152.7,163
7335,Run,0.84,7.82,138.5,149
7336,Run,1.44,6.48,166.5,197
7337,Run,2.2,18.22,144.3,164
7338,Run,3.75,33.85,123.1,146
7339,Run,5.03,39.05,145.3,164
7340,Run,0.52,6.83,115.2,177
7341,Run,5.01,42,142.9,167
7342,Run,13.15,97.22,163.7,185
7343,Run,5.08,39.13,156.1,174
7344,Run,4.01,33.83,137.6,151
7345,Run,5.01,35.3,167.2,185
7346,Run,5.01,36.3,144.2,166
7347,Run,0.5,4.62,145.5,159
7348,Run,2.5,13.13,158.5,186
7349,Run,2.62,19.78,141.9,161
7350,Run,4.01,30.4,148.6,164
7351,Run,5.13,39.58,150.7,173
7352,Run,5.38,41.58,159.2,175
7353,Run,0.3,2.35,153.8,161
7354,Run,5.02,31.9,177.1,202
7355,Run,2.28,18.9,144.5,160
7356,Run,5.55,44.08,144.9,160
7357,Run,6.02,45.15,146.3,171
7358,Run,0.01,0.15,60.4,74
7359,Run,5.31,41.37,147,176
7360,Run,9,59.7,163.2,199
7361,Run,6.02,47.45,153.2,168
7362,Run,4,29.17,150.7,165
7363,Run,4.01,26.43,182.5,203
7364,Run,6.01,44.02,155.3,179
7365,Run,4.06,32.57,147.2,163
7366,Run,10.01,79.27,149.4,170
7367,Run,2.28,20.17,131,141
7368,Run,4.02,31.18,164,189
7369,Run,3.03,23.4,146.7,157
7370,Run,10.06,76.87,155.2,173
7371,Run,4.16,30.27,149.7,176
7372,Run,4.14,37.03,131,151
7373,Run,3.59,27.05,171.3,199
7374,Run,0.5,2.15,0,0
7375,Run,1.49,11.02,157,177
7376,Run,3.01,22.35,140.2,151
7377,Run,4.01,30.85,156.8,166
7378,Run,3.06,22.37,142.3,157
7379,Run,0,0,0,64
7380,Run,0,0.03,0,67
7381,Run,4.01,36.55,134.1,153
7382,Run,0.37,2.8,132.7,150
7383,Run,0.51,4.83,144,152
7384,Run,2.5,15.67,159.6,193
7385,Run,2.01,15.82,148.7,167
7386,Swim,0.25,6,98.5,140
7387,Run,2.01,14.67,145.6,155
7388,Run,3.3,26,0,0
7389,Run,6.02,43.83,167,200
7390,Run,3.06,22.63,134.7,158
7391,Run,1.51,13.25,148.4,160
7392,Run,3.02,22.42,171.1,194
7393,Run,1.52,12.02,145.1,157
7394,Run,5.02,36.53,153.9,176
7395,Run,0.4,3.47,151,176
7396,Run,10.2,73.78,167.1,200
7397,Run,4.01,31.62,147.6,165
7398,Run,4.4,29.98,171.7,193
7399,Run,1.61,14.53,137.6,157
7400,Run,8.02,60.97,157.4,180
7401,Run,3.51,31.02,142.1,169
7402,Run,3.52,27.27,150.2,161
7403,Run,2.04,16.48,155.9,177
7404,Run,4.01,29.25,159.3,177
7405,Run,6.01,44.12,161,177
7406,Run,4,34.23,140.5,159
7407,Run,3.21,25.72,139.2,156
7408,Run,2.13,18.18,152.9,162
7409,Run,2.07,12.23,189,200
7410,Run,1.5,9,0,0
7411,Run,2.01,16.1,150.7,171
7412,Run,4.01,31.55,154,173
7413,Run,7.6,54.28,166.8,182
7414,Run,0.5,4.12,140,152
7415,Run,3,23.27,146.4,160
7416,Run,1.01,7.53,143.3,153
7417,Run,2.15,10.3,143.6,177
7418,Run,2,15.87,141.1,155
7419,Run,2.01,14.9,139.5,149
7420,Run,5.2,39.82,151.4,168
7421,Run,6.01,43.48,153.6,173
7422,Run,9,63.07,164.6,197
7423,Run,6.01,43.28,153.6,170
7424,Run,1.01,7.55,146.8,157
7425,Run,6.03,46.63,157.6,184
7426,Run,5.03,39.97,155.1,169
7427,Run,10.02,77.85,152.8,168
7428,Run,5.01,39.43,150.6,167
7429,Run,5.01,36.78,147.1,163
7430,Run,5.01,36.63,160.4,176
7431,Run,5.02,39.77,157.9,170
7432,Run,5.01,36.6,159,175
7433,Run,6.16,46.45,173.9,190
7434,Run,5.02,39.5,164.9,185
7435,Run,3.86,30.62,152.1,179
7436,Run,3,21.82,159.1,170
7437,Run,1.03,7.78,154.1,168
7438,Run,4.02,33.12,157.6,185
7439,Run,1.01,7.55,148.2,161
7440,Run,3.06,23.68,159.3,174
7441,Run,6.65,52.07,152.8,171
7442,Run,1.01,7.88,138.4,157
7443,Run,0.17,1.77,128,136
7444,Run,1.08,11.35,124.6,148
7445,Run,5.04,38.52,156.4,176
7446,Run,5.01,37.83,157.6,183
7447,Run,5.01,39.48,156.9,173
7448,Run,10.06,79.9,159.6,178
7449,Run,5.01,41.78,136.3,155
7450,Run,5.06,40.75,146,160
7451,Run,3.21,24.17,157.6,175
7452,Run,2.86,21.45,165.6,178
7453,Run,5.02,40.83,154.3,173
7454,Run,4.01,29.88,128.9,151
7455,Run,2.65,19.57,143.6,158
7456,Run,8.02,62.57,152.5,171
7457,Run,2.32,18.78,146,162
7458,Run,6.01,43.82,149.2,162
7459,Run,1.34,11.23,143.1,159
7460,Run,1.28,11.23,139,152
7461,Run,3.16,18.22,196.4,211
7462,Run,1.26,10.18,146.8,160
7463,Run,3.14,27.57,135.6,157
7464,Run,3.08,25.2,146.8,162
7465,Run,6.01,46.85,148.2,162
7466,Run,6.01,40.85,165.4,200
7467,Run,5.02,35.25,160.1,199
7468,Run,5.28,37.6,160.8,191
7469,Run,8.36,68.97,156.3,174
7470,Run,5.1,44.28,136.8,152
7471,Run,3.59,34.1,130.4,152
7472,Run,3.33,30.2,128.4,149
7473,Run,2.01,18.63,124.7,143
7474,Run,4.33,35.53,139,172
7475,Run,3.01,24.15,148.1,166
7476,Run,1,7.7,133,156
7477,Run,2.66,23.87,123.3,141
7478,Run,5.14,30.57,187.6,198
7479,Run,2.01,15.98,138.4,159
7480,Run,4.01,31.55,140.8,154
7481,Run,6.04,46.65,146.1,163
7482,Run,7.02,53.18,156.4,196
7483,Run,7.01,54.1,143.7,159
7484,Run,1.51,12.12,144.3,153
7485,Run,9.53,65.65,163.6,198
7486,Run,6.01,46.57,146.7,162
7487,Run,13.13,99.08,148,180
7488,Run,6.01,43.65,138.8,149
7489,Run,9.07,70.5,156.7,191
7490,Run,7.01,53.2,151.5,168
7491,Run,10.29,73.5,158.6,196
7492,Run,7.12,54.9,147.4,180
7493,Run,12.02,83.7,161.1,181
7494,Run,9.8,70.63,159.4,194
7495,Run,6.01,44.58,147.3,173
7496,Run,8.06,62.48,148.3,167
7497,Run,6.01,47.58,147.9,165
7498,Run,8.14,57.57,160.5,204
7499,Run,5.01,31.07,181.9,196
7500,Run,2.01,16.92,140.2,156
7501,Run,4.17,33.47,134.4,149
7502,Run,7.51,58.15,142.5,160
7503,Run,5.63,44.08,141.9,160
7504,Run,5.02,40.33,138.8,156
7505,Run,2,18.15,128.5,145
7506,Run,6.01,49.07,139.5,162
7507,Run,4.01,32.87,139.5,160
7508,Run,6.01,48.6,139.4,156
7509,Run,7.16,57.02,147.2,163
7510,Run,7.03,55.47,147.9,167
7511,Run,1.61,14.4,140.5,151
7512,Run,8.95,62.33,172.3,201
7513,Run,1.51,11.88,135.2,157
7514,Run,9.01,71.6,136.3,154
7515,Run,14.01,109.02,142.7,167
7516,Run,2.01,17.28,142.7,156
7517,Run,5.1,29.5,187.5,200
7518,Run,2.01,16.92,140.1,158
7519,Run,6.02,47.78,139.9,166
7520,Run,7.02,60.02,133.1,150
7521,Run,1.01,7.9,128.8,145
7522,Run,8.59,68.05,141,164
7523,Run,1.38,12.28,149.1,173
7524,Run,8.15,54.75,177.1,198
7525,Run,2.01,16.03,139.7,154
7526,Run,9.01,71.23,146.9,174
7527,Run,5.01,40.13,139.4,169
7528,Run,14.01,109.83,147.7,163
7529,Run,5.01,39.95,147.5,159
7530,Run,8.08,59.75,153.7,202
7531,Run,8.01,64.52,140.6,172
7532,Run,11.01,88.58,142.1,160
7533,Run,3.01,28.07,140.8,152
7534,Run,3.02,23.55,170.6,193
7535,Run,3.01,24.42,132.5,150
7536,Run,3.01,25.52,128.1,145
7537,Run,14.01,103.43,152.1,179
7538,Run,7.01,53.4,148.8,170
7539,Run,11.01,76.73,157.1,192
7540,Run,8.01,57.37,145.6,159
7541,Run,2.01,15.12,146.5,155
7542,Run,5.05,32.92,167.8,183
7543,Run,2.04,16.2,129.7,145
7544,Run,9.01,74.82,137.6,154
7545,Run,14.01,106.02,147.9,173
7546,Run,2.04,16.9,142.4,153
7547,Run,4.88,28.72,188.2,197
7548,Run,2.01,15.75,147.1,162
7549,Run,4.21,33.08,145,161
7550,Run,0.54,4.52,144.7,158
7551,Run,8.09,55.97,162.8,197
7552,Run,0.48,3.85,124.9,144
7553,Run,10.82,82.48,153.7,173
7554,Run,8,62.95,149.1,165
7555,Run,1.02,8.22,150.7,161
7556,Run,7.01,48.27,164,196
7557,Run,7.64,61.37,141.7,154
7558,Run,13.06,101.8,153.9,182
7559,Run,7.01,55.82,148.1,168
7560,Run,1.01,8.75,156,165
7561,Run,3.19,20.02,180.8,190
7562,Run,2.01,15.9,139,156
7563,Run,7.82,62.28,158.3,170
7564,Run,0.47,3.97,132.1,142
7565,Run,7.02,54.43,137.7,153
7566,Run,12.03,89.95,152.6,166
7567,Run,7.02,54.47,151.4,170
7568,Run,2.01,16.63,141.7,150
7569,Run,3.11,17.9,186.8,200
7570,Run,2.01,14.45,152.6,172
7571,Run,1.26,10.02,131.4,147
7572,Run,0.19,0.8,136,150
7573,Run,4.01,31.07,153.5,172
7574,Run,7.01,51.23,152.7,162
7575,Run,2.01,16.75,140.9,156
7576,Run,2.55,12.53,163.6,191
7577,Run,2,15.4,138.1,152
7578,Run,2.95,57.32,106.2,147
7579,Run,1.26,13.82,117.4,132
7580,Run,5.01,36.22,148.4,170
7581,Run,5.01,36.75,126.7,150
7582,Run,2,18.13,134.6,146
7583,Run,3.11,18,192,206
7584,Run,2,15.2,150.8,164
7585,Run,1.28,10.02,136.5,153
7586,Run,5.01,39.27,133.5,155
7587,Run,2.01,16.3,147,161
7588,Run,2.08,12.07,161,179
7589,Run,2.01,15.82,128.4,147
7590,Run,7.01,50.93,136.3,158
7591,Run,6.03,48.08,139.2,154
7592,Run,17.02,129.52,148.9,171
7593,Run,7,55.93,143.3,160
7594,Run,2.01,18.3,145.4,155
7595,Run,0.53,2.43,151,169
7596,Run,4.51,24.47,176.8,195
7597,Run,2.01,15.98,138,155
7598,Run,12.01,86.42,146.2,165
7599,Run,10.02,79.4,149.9,164
7600,Run,1.83,13.28,145.4,152
7601,Run,6.02,36.32,171.2,195
7602,Run,2.17,15.8,134.8,142
7603,Run,7.01,51.05,132.7,145
7604,Run,14.02,106,151.5,178
7605,Run,6.02,47.83,142.8,158
7606,Run,2.01,15.97,145,155
7607,Run,4.07,21.22,163.4,190
7608,Run,2.01,16.12,131.4,142
7609,Run,11.02,86.87,152.9,174
7610,Run,9.01,71.3,142.9,160
7611,Run,10.01,67.72,141.4,188
7612,Run,5.01,36.43,139.1,153
7613,Run,11.01,82.47,154.8,187
7614,Run,5.01,36.55,137.8,155
7615,Run,2,16.28,147.8,160
7616,Run,0.52,2.15,150.2,171
7617,Run,4.48,28.35,178.4,192
7618,Run,2.01,15.68,139.7,157
7619,Run,6.02,46.8,142.4,155
7620,Run,2.01,15.95,152.4,166
7621,Run,1.05,7.7,164.8,184
7622,Run,4.01,23.47,180.6,193
7623,Run,2.02,15.98,140.1,155
7624,Run,7.02,56.6,134.1,157
7625,Run,7.59,55.82,148.6,168
7626,Run,14.01,104.75,154.5,175
7627,Run,7.03,51.85,132.1,143
7628,Run,8.01,56.2,147.3,198
7629,Run,11.02,83.13,146.7,171
7630,Run,8.01,58.15,144.7,156
7631,Run,3.01,24.98,146.8,161
7632,Run,0.8,6,165.9,178
7633,Run,4.22,26.42,172.4,189
7634,Run,2.05,16.45,137.7,148
7635,Run,0.31,5.9,75.9,94
7636,Run,6.8,49.2,146.3,172
7637,Run,14.01,99.15,159.3,188
7638,Run,6.01,47.3,150.2,169
7639,Run,0.39,7.63,79.9,114
7640,Run,2.01,14.8,142,147
7641,Run,3.63,23.55,173,189
7642,Run,2.01,14.78,131.2,140
7643,Run,11.01,84.97,151.4,170
7644,Run,9.02,72.28,150.8,172
7645,Run,2.02,14.33,151.9,174
7646,Run,8.02,63.52,149.7,164
7647,Run,7.2,55.6,147.7,174
7648,Run,13.13,100.67,158.4,180
7649,Run,6.01,48.23,151.3,174
7650,Run,2.02,14.25,153.2,166
7651,Run,6.01,48.4,153.4,170
7652,Run,10.01,71.32,144.8,170
7653,Run,8.01,62.7,152.1,168
7654,Run,2.01,14.9,148.8,168
7655,Run,6.01,47.82,147.2,167
7656,Run,6.01,43.78,136.4,154
7657,Run,12.02,92.58,158.3,177
7658,Run,6.01,44.05,139.5,156
7659,Run,7.01,49.15,164.2,197
7660,Run,11.01,86.27,160.5,183
7661,Run,7.01,54.88,154.6,173
7662,Run,6.02,47.22,152.8,176
7663,Run,5.01,39.73,152.5,174
7664,Run,11.01,85.1,158.6,181
7665,Run,5.03,39.1,157.5,178
7666,Run,7.02,51.65,142.5,154
7667,Run,9.01,70.38,161.1,187
7668,Run,6.01,47.8,137.7,162
7669,Run,7.02,50.72,141,155
7670,Run,3.35,76.35,89.1,115
7671,Run,11.01,85.67,160.7,181
7672,Run,6.01,50.05,149,161
7673,Run,7.01,54.33,150.3,170
7674,Run,9.03,68.42,156.6,174
7675,Run,6.02,46.88,154.9,176
7676,Run,7.01,52.2,136.5,151
7677,Run,5.01,39.32,149.6,168
7678,Run,10.01,72.72,167,188
7679,Run,5.01,37.67,137.2,160
7680,Run,7.01,50.97,154.8,178
7681,Run,4.01,29.38,152.3,173
7682,Run,5.01,39.92,153.4,174
7683,Run,5.01,39.38,0,0
7684,Run,1.04,7.83,159.9,175
7685,Run,8.03,62.6,159.5,179
7686,Run,6.02,47.28,158.9,177
7687,Run,5.01,36.73,154.9,168
7688,Run,1.01,7.68,132.6,145
7689,Run,2.01,15.1,154.1,179
7690,Run,5.02,38.85,156.4,172
7691,Run,4.01,31.73,156.9,176
7692,Run,2.01,16.83,157.4,178
7693,Run,4.01,32,149.8,175
7694,Run,2.01,16.3,143.3,157
7695,Run,3.43,28.03,152.8,174
7696,Run,0.5,4,125.4,142
7697,Ride,0,11.63,140.2,160
7698,Run,2.01,15.65,132.7,157
7699,Run,3.01,25.02,151.1,172
7700,Run,5.13,37.55,153.8,197
7701,Run,3.33,26.27,143.8,162
7702,Run,3.9,31.12,147.8,187
7703,Run,3.29,25.88,143.1,170
7704,Run,0.7,5.38,139.1,150
7705,Run,1.05,9.47,146.7,156
7706,Run,2.75,15,178.2,198
7707,Run,0.5,3.57,137.5,149
7708,Run,1.52,12.03,142.3,159
7709,Run,5.01,39.8,145.3,165
7710,Run,3.32,24.05,144.1,157
7711,Run,3.74,31.27,140.4,163
7712,Run,10.02,77.2,158.5,179
7713,Run,4.01,33.6,151.1,169
7714,Run,1.07,5.03,182.5,198
7715,Run,1.34,11.08,141.6,165
7716,Run,2,16.02,147.4,162
7717,Run,0.5,4,0,0
7718,Run,4.58,34.55,156.9,171
7719,Run,5.01,39.72,151.7,168
7720,Run,4.01,32.02,143.6,170
7721,Run,1.03,8.58,138.3,158
7722,Run,4.22,27.55,175.7,191
7723,Run,2.01,14.8,144.8,167
7724,Run,4.61,36.02,147.5,168
7725,Run,2.02,15.87,141.1,159
7726,Run,0.47,4.07,129.8,139
7727,Run,2.03,16.3,144,162
7728,Run,4.01,29.33,125.8,149
7729,Run,0.8,6.35,146.3,157
7730,Ride,0,28.3,180.3,195
7731,Run,2.03,16.37,137,154
7732,Run,2.82,23.35,130.4,152
7733,Ride,0,83.03,145.6,190
7734,Ride,0,30.65,147.7,164
7735,Ride,0,37.98,139.4,151
7736,Ride,0,47.9,138.2,148
7737,Ride,0,72,150.9,193
7738,Ride,0,20.47,138.7,155
7739,Ride,0,42.07,153.3,169
7740,Ride,0,20.18,151.7,158
7741,Ride,0,40.07,156.5,174
7742,Ride,0,30.05,143.1,157
7743,Run,3.12,26.03,145.7,161
7744,Run,0.56,2.22,179.2,201
7745,Run,0.64,4.65,139.9,161
7746,Run,0.71,5.22,127.1,151
7747,Run,1,8.02,132.1,144
7748,Run,2.07,13.35,163.2,187
7749,Run,1.01,7.18,126.3,142
7750,Run,4.49,32.25,145.2,157
7751,Run,0.6,4.63,134.5,145
7752,Run,5.02,38.43,143.5,163
7753,Run,2.65,22.4,130.2,144
7754,Run,4.8,36.28,149.5,165
7755,Run,0.6,5,0,0
7756,Run,1.02,9.17,138.4,152
7757,Run,5.95,42.43,173.7,194
7758,Run,2,15.58,146.9,159
7759,Run,5.1,40.05,139.8,153
7760,Run,4.07,31.38,138.5,157
7761,Run,2.15,19.52,137,150
7762,Run,5.87,40.43,180.6,193
7763,Run,2.02,15.68,142.7,153
7764,Run,5.02,41.68,143.8,162
7765,Run,12.02,85.98,160.6,195
7766,Run,5.12,42.1,138,156
7767,Run,2.01,19.3,141.5,152
7768,Run,5.48,35.22,176,196
7769,Run,2.02,15.62,144.6,158
7770,Run,4.51,33.2,136.8,145
7771,Run,0.5,3.87,124.2,145
7772,Run,2,14.55,153.2,158
7773,Run,6.01,37.72,171.5,196
7774,Run,2.01,14.78,136.8,146
7775,Run,4.01,31.22,142.4,167
7776,Run,4.04,32.93,139.4,158
7777,Run,12.01,86.8,159.5,193
7778,Run,3.8,31.32,132.4,145
7779,Run,1.67,14.67,135.2,149
7780,Run,6.32,40.1,178.6,198
7781,Run,2.01,15.47,142,152
7782,Run,5.04,39.42,139.2,155
7783,Run,1.12,8.9,129.3,145
7784,Run,0.59,4.57,145.8,155
7785,Run,3.71,28.97,134.4,146
7786,Run,0.58,4.65,126.8,136
7787,Run,1.16,11.23,140.3,149
7788,Run,6.24,41.35,178.7,196
7789,Run,2,15.37,146.5,161
7790,Run,7.01,57.23,141.1,157
7791,Run,0.58,4.55,143.8,158
7792,Run,3.01,22.15,142.5,157
7793,Run,0.57,4.53,131.8,141
7794,Run,1.59,12.3,150.6,165
7795,Run,4.75,31.6,174.3,199
7796,Run,2.36,18.75,140.2,162
7797,Run,3.54,31.2,132.1,148
7798,Run,0.43,3.3,131.7,142
7799,Run,0.7,5.28,129.9,140
7800,Run,4,26.02,162,199
7801,Run,1.33,10.17,143.1,154
7802,Run,0.41,3.17,167.1,186
7803,Run,3.5,26.33,148,159
7804,Run,0.41,3.12,128.8,143
7805,Run,3.79,30.02,140.9,158
7806,Run,2.15,18.32,132.1,143
7807,Run,2.14,18.3,140,153
7808,Run,5.36,34.22,183.5,200
7809,Run,2.08,16,139.7,152
7810,Run,4.15,30.45,142.1,152
7811,Run,7.25,55.37,142.5,158
7812,Run,0.45,3.6,125.7,137
7813,Run,0.66,5.33,129.4,142
7814,Run,2,17.87,138.5,152
7815,Run,5.49,36.15,178.6,195
7816,Run,2.01,15.92,137.1,152
7817,Run,4,31.48,137.8,154
7818,Run,12.01,86.48,153.9,185
7819,Run,4.02,31.47,138.5,151
7820,Run,0.66,5.15,132.4,146
7821,Run,2.07,16.87,138.9,155
7822,Run,4.08,25,180.6,200
7823,Run,2.11,16.25,139.8,153
7824,Run,5.04,40.77,133.3,153
7825,Run,7,58.75,134.4,150
7826,Run,1.01,8.23,131.9,146
7827,Run,1.53,11.58,150.3,164
7828,Run,4.62,30.12,173.8,194
7829,Run,2,15.5,139.8,155
7830,Run,3.84,30.82,0,0
7831,Run,1.76,15.28,148.4,161
7832,Run,0.25,0.95,0,0
7833,Run,5.01,43.32,142,171
7834,Run,1.01,4.95,180.5,195
7835,Run,2.03,16.72,140.7,156
7836,Run,4.01,30.68,145.2,171
7837,Run,5.62,42.73,149.9,169
7838,Run,0.67,5.22,136.7,150
7839,Run,8.5,60.63,158.4,194
7840,Run,1.4,11.13,140.4,152
7841,Run,1.11,8.78,134.9,151
7842,Run,0.57,4.58,133.4,148
7843,Run,3.04,23.75,139.5,155
7844,Run,0.66,5.18,139,150
7845,Run,2.05,16.08,142.9,158
7846,Run,4.71,29.95,178.1,194
7847,Run,2.02,16,141,158
7848,Run,5.01,37.38,146.9,158
7849,Run,11.01,80.48,155.5,174
7850,Run,4.34,34.53,141.5,157
7851,Run,0.67,5.18,139.4,152
7852,Run,1.6,13.02,148.9,164
7853,Run,4.59,30.58,179.5,196
7854,Run,2.01,15.95,142.9,157
7855,Run,0.62,4.98,136,146
7856,Run,3.9,30,144.9,159
7857,Run,0.54,4.32,137,147
7858,Run,8.17,61.9,149.9,171
7859,Run,0.85,6.62,138.3,152
7860,Run,2.15,17.83,142.3,153
7861,Run,3.68,24.78,168.1,190
7862,Run,2.27,17.4,138,157
7863,Run,1.01,8.38,145.5,151
7864,Run,6.01,44.88,154.4,192
7865,Run,5.26,38.93,150.1,163
7866,Run,2.19,17.42,149.8,172
7867,Run,3.71,25.27,168.8,192
7868,Run,2,15.62,149.3,171
7869,Run,5.01,38.23,146.2,163
7870,Run,8.02,60.83,154.4,174
7871,Run,1.61,13.52,142.9,164
7872,Run,3.91,27.52,170.4,198
7873,Run,1.54,11.6,144.9,166
7874,Run,0.54,4.1,144,149
7875,Run,10.01,72.45,159.1,185
7876,Run,4.05,31.48,155.3,172
7877,Run,1.07,7.88,141.4,159
7878,Run,5.03,38.65,147.3,166
7879,Run,1.01,8.67,136.9,154
7880,Run,5.12,38.77,159.7,180
7881,Run,1.24,10.62,136.7,154
7882,Run,0.67,5.15,138.4,152
7883,Run,5.43,41.67,147.5,172
7884,Run,0.66,5.35,139.2,154
7885,Run,6.01,48.43,151,175
7886,Run,6.02,46.67,149.5,165
7887,Run,10.01,76.35,155.6,184
7888,Run,2,17.43,145.9,158
7889,Run,2.99,21.78,171.4,190
7890,Run,2.01,15.72,143.1,159
7891,Run,5.01,39.48,153.7,168
7892,Run,8.01,62.1,152.1,167
7893,Run,4,31.17,142.1,163
7894,Run,4.44,34.58,149.9,166
7895,Run,0.64,4.88,131.6,147
7896,Run,5.06,39.12,145.2,157
7897,Run,10.1,74.38,160.2,184
7898,Run,6.38,47.27,157.6,174
7899,Run,5.01,37.67,162.8,175
7900,Run,0.43,2.68,159.7,187
7901,Run,5.27,41,154.6,174
7902,Run,3.66,29.1,145.5,170
7903,Run,9.11,69.45,144.2,183
7904,Run,4.08,31.5,151.8,182
7905,Run,5.01,38.43,158.5,176
7906,Run,5.02,38.8,147.7,167
7907,Run,7.01,53.18,153.5,174
7908,Run,5.01,38.25,164,180
7909,Run,2.01,15.65,162.1,179
7910,Run,8.01,61.62,161.7,183
7911,Run,3.67,27.55,156.2,172
7912,Run,0.51,3.87,137.8,152
7913,Run,4.5,33.48,160.8,175
7914,Run,0.56,4.27,134.6,151
7915,Run,5.01,38.62,160.7,181
7916,Run,7.01,52.45,157.3,181
7917,Run,4.01,30.65,162.9,176
7918,Run,4.01,30.33,158.2,178
7919,Run,4.01,30.32,163,176
7920,Run,5.01,38.15,159.9,182
7921,Run,2.01,15.45,153.7,179
7922,Run,5.37,41.55,160.6,173
7923,Run,3.97,31.37,154.9,169
7924,Run,3.94,39.53,157.8,181
7925,Run,2.55,19.62,153.7,178
7926,Run,1.31,9.62,144.4,159
7927,Run,2.55,20,159,181
7928,Run,1,9.2,149.7,164
7929,Run,1.57,11.7,149.8,163
7930,Run,3.58,20.07,171.5,191
7931,Run,2,15.05,143,156
7932,Run,4.9,35.88,145.3,160
7933,Run,0.47,3.63,118.6,138
7934,Run,2.01,16.12,137.8,155
7935,Run,4.63,40.32,140,154
7936,Run,1.84,16.37,148.6,162
7937,Run,3.71,26.18,165.2,204
7938,Run,2.33,18.68,145.2,161
7939,Run,6.53,50.45,152.6,173
7940,Run,7.03,53.35,148.2,163
7941,Run,2.19,20,154.2,182
7942,Run,4.39,28.08,183.5,200
7943,Run,1.55,11.8,146.1,158
7944,Run,5.69,48.72,139.6,155
7945,Run,0.45,3.5,111.4,143
7946,Run,5.04,38.88,147.5,172
7947,Run,1.29,10.55,144.5,158
7948,Run,4.98,29.07,194.5,208
7949,Run,0.8,6.07,149.8,166
7950,Run,2.5,21,0,0
7951,Run,5.04,38.45,147.5,158
7952,Run,13.01,101.72,156.1,190
7953,Run,2.01,16.95,148,162
7954,Run,0.34,2.38,145.7,168
7955,Run,5.88,39.1,172.5,196
7956,Run,2.01,15.67,140.4,156
7957,Run,5.58,42.87,154.2,177
7958,Run,5.45,42.6,153.2,174
7959,Run,10.4,81.3,149.9,163
7960,Run,0.42,3.25,127.9,142
7961,Run,2.03,17.5,140.9,152
7962,Run,4.05,21.57,167,199
7963,Run,2,15.22,142.4,151
7964,Run,7.25,55.37,148.2,170
7965,Run,10.01,78.35,145.2,163
7966,Run,1,8.17,130.8,148
7967,Run,0.69,5.42,100.6,138
7968,Run,4.01,31.48,141.1,165
7969,Run,0.3,2.42,0,0
7970,Run,7.76,61.45,143.8,157
7971,Run,2.29,18.18,141,159
7972,Run,3.79,31.23,136.8,154
7973,Run,8.02,63.3,139.7,161
7974,Run,7.67,61.47,141.1,160
7975,Run,0.46,3.67,106.5,130
7976,Run,14.01,107.17,143.9,169
7977,Run,1.37,11.52,141.6,158
7978,Run,6.22,38.15,177.5,191
7979,Run,2.01,15.37,132.4,145
7980,Run,7.01,55.03,144.9,181
7981,Run,7.01,54.92,144.4,166
7982,Run,1.01,8.42,157.4,173
7983,Run,1.05,7.7,165.2,187
7984,Run,6.01,39.07,174.1,182
7985,Run,2.01,15.55,139.7,155
7986,Run,1.03,8.37,149.6,163
7987,Run,7.48,48.57,176.6,199
7988,Run,1.5,11.45,134.9,155
7989,Run,8.02,62.08,151.7,166
7990,Run,13.01,100.65,141.7,164
7991,Run,2,18.23,137.8,153
7992,Run,5.02,28.55,191.5,202
7993,Run,2,16.28,144.3,158
7994,Run,4.01,31.1,142.7,159
7995,Run,6,43.43,148.8,179
7996,Run,3.01,23.67,143.1,173
7997,Run,5.01,38.88,148.2,165
7998,Run,2.21,18.73,146.9,162
7999,Run,5.05,29.12,181,197
8000,Run,1.8,14.32,133.7,148
8001,Run,7.57,61.72,139.2,157
8002,Run,0.46,3.67,116.8,139
8003,Run,14.01,107.38,149.9,173
8004,Run,1.01,8.53,144.5,159
8005,Run,6.11,39.05,172.1,196
8006,Run,2.01,16.13,143.9,156
8007,Run,6.01,47.23,144.5,158
8008,Run,7.03,53.98,146.7,196
8009,Run,11.01,88.37,142.8,165
8010,Run,2.1,16.9,150.8,158
8011,Run,0.6,2.58,143.3,165
8012,Run,4.12,25.02,180.4,191
8013,Run,2.21,17.43,137.9,148
8014,Run,9.01,73.98,142.3,165
8015,Run,12.01,90.38,151.7,175
8016,Run,2.01,17.98,142.9,152
8017,Run,5.07,29.97,192.7,203
8018,Run,2.01,17.08,135.1,153
8019,Run,4.2,33.12,145.9,166
8020,Run,4.03,30.27,137.3,164
8021,Run,1,7.95,162.6,174
8022,Run,5,34.22,176.2,193
8023,Run,1.01,7.8,151.7,164
8024,Run,0.3,2,0,0
8025,Run,7.76,60.93,148.6,158
8026,Run,8.06,62.52,151.6,176
8027,Run,13.12,99.03,150.3,174
8028,Run,7.01,53.58,154.6,173
8029,Run,8.05,62.48,154,173
8030,Run,1.64,12.78,155.7,166
8031,Run,5.36,34.55,179.1,194
8032,Run,1.01,7.8,135.8,154
8033,Run,9.03,69.68,146.6,178
8034,Run,7.6,57,151,169
8035,Run,7.45,57.62,153.8,171
8036,Run,1.1,18.63,110.3,143
8037,Run,1.63,15.37,141.2,168
8038,Run,2.86,15.8,184.3,201
8039,Run,1.75,13.13,148.8,173
8040,Run,5.01,38.23,146.6,171
8041,Run,4.01,31.45,140.4,157
8042,Run,8.01,62.37,152.5,173
8043,Run,0.6,5,0,0
8044,Run,7.42,54.83,161.1,188
8045,Run,5.01,38.53,151.9,169
8046,Run,9.01,71.45,151.8,171
8047,Run,15.02,116.5,156.6,177
8048,Run,8.01,62.75,151.6,160
8049,Run,7.01,55.38,151.1,161
8050,Run,7.08,52.55,158,184
8051,Run,11.03,82.78,161.8,190
8052,Run,8.01,62.12,151.6,168
8053,Run,6.1,47.72,156.3,173
8054,Run,13.01,101.35,157.7,177
8055,Run,2.12,17.9,144.4,156
8056,Run,3.5,21.53,183.3,193
8057,Run,2,15.9,144.7,159
8058,Run,6.38,47.18,148.4,161
8059,Run,10.02,76.63,153.7,176
8060,Run,2.1,16.95,149.2,158
8061,Run,4.44,31.37,167.2,190
8062,Run,2.55,20.1,137.2,152
8063,Run,8,60.93,148.9,158
8064,Run,5.05,39.95,143.4,165
8065,Run,13.13,98.95,151.2,172
8066,Run,2.19,17.33,152.1,171
8067,Run,4.01,24.33,180.1,191
8068,Run,2.01,16.23,136.2,152
8069,Run,7.01,55.77,155.6,172
8070,Run,10.01,82.57,158.6,178
8071,Run,2.05,16.45,159.7,173
8072,Run,4.96,27.98,170.7,196
8073,Run,2.01,15.68,138.6,154
8074,Run,8.01,62.45,146.6,164
8075,Run,5.02,39.28,144.4,154
8076,Run,12.01,93.27,160.2,179
8077,Run,2.02,15.65,151.8,160
8078,Run,4,24.6,0,0
8079,Run,2.04,15.92,143.7,155
8080,Run,6.01,46.87,144.9,173
8081,Run,9.01,70.35,154.9,177
8082,Run,2.01,17.95,159.7,173
8083,Run,3.02,22.73,171.7,199
8084,Run,2,15.85,146.9,161
8085,Run,8,62.45,152.4,169
8086,Run,4,31.92,0,0
8087,Run,10.01,77.08,160.8,184
8088,Run,8,59,0,0
8089,Run,3,24,0,0
8090,Run,6,49.92,155.1,175
8091,Run,2.04,16.87,139.1,156
8092,Run,7.02,54.7,155.6,172
8093,Run,4,31.87,0,0
8094,Run,8.02,64.22,164.7,182
8095,Run,5.01,38.55,156.7,177
8096,Run,5,39.12,0,0
8097,Run,5,39.88,0,0
8098,Run,5,37.97,0,0
8099,Run,5.11,41.02,150.5,170
8100,Run,11.04,83.18,163.5,188
8101,Run,6.01,45.73,150.5,169
8102,Run,5,39.02,0,0
8103,Run,9.02,69.75,155,176
8104,Run,2.01,17.15,154.2,162
8105,Run,3.18,23.1,169.3,194
8106,Run,2.01,16.12,139.7,166
8107,Run,7.01,55.23,158,174
8108,Run,4.01,31.43,152.6,169
8109,Run,10.02,76.1,158.6,178
8110,Run,6.01,46.82,160.3,174
8111,Run,4.58,38.68,142.8,162
8112,Run,8.02,61.98,151.8,176
8113,Run,2.02,18.67,153.6,171
8114,Run,2.52,19.1,175,202
8115,Run,2.04,16.35,142.1,160
8116,Run,6.01,46.95,159.4,178
8117,Run,5.01,39.6,156,177
8118,Run,8.01,61.83,169.1,187
8119,Run,4.4,35.82,164.1,179
8120,Run,0.65,5.2,132.2,143
8121,Run,5,40.12,0,0
8122,Run,7.01,54.1,156.7,178
8123,Run,4.51,35.65,154.8,171
8124,Run,0.52,4.28,124.9,136
8125,Run,5,39.95,0,0
8126,Run,8.01,61.98,157.6,186
8127,Run,5.04,41.07,158.1,177
8128,Run,7.01,58.15,154.9,176
8129,Run,5,39.95,0,0
8130,Run,4.51,36,160.2,176
8131,Run,0.51,3.92,146.8,156
8132,Run,3.72,29.13,151.2,173
8133,Run,7.02,53.47,165.8,187
8134,Run,3.5,28,0,0
8135,Run,4,32,0,0
8136,Run,5.5,44.13,0,0
8137,Run,4,32.18,0,0
8138,Run,3.36,27.72,158.9,175
8139,Run,0.65,5.12,131.4,144
8140,Run,5,40.13,0,0
8141,Run,3.51,28.27,159.9,170
8142,Run,0.5,3.9,131.5,146
8143,Run,3,24.53,0,0
8144,Run,4,32.15,0,0
8145,Run,4.01,33.22,156.4,185
8146,Run,3,23.52,158.9,177
8147,Run,3.5,27.47,149.1,168
8148,Run,3.02,23.42,157.2,180
8149,Run,2.5,19.88,161.8,181
8150,Run,3.86,69.5,96.5,139
8151,Ride,2.93,16.75,139.4,158
8152,Ride,4.12,23.45,128.1,156
8153,Run,2.05,15.57,147.1,168
8154,Run,1.01,7.93,155,177
8155,Run,1.01,5.17,142,163
8156,Run,2.01,15.72,151.3,177
8157,Run,5.01,37.47,151.3,168
8158,Run,6.03,46.28,152.9,168
8159,Run,2.01,15.27,156.9,170
8160,Run,4.33,25.98,176,198
8161,Run,2.01,15.82,147.4,158
8162,Run,2.06,15.73,157.6,175
8163,Run,4.01,30,154.3,172
8164,Run,10.01,73.95,147.3,179
8165,Run,1.01,8.4,159.2,172
8166,Run,3.28,21.83,162.6,183
8167,Run,2.02,15.5,149.9,170
8168,Run,4.16,31.33,0,0
8169,Run,5.05,38.17,155.5,180
8170,Run,7.02,51.13,159,180
8171,Run,4.02,30.6,161,174
8172,Run,7,55.08,160.9,178
8173,Run,0.77,7.08,152.7,169
8174,Run,2.24,14.47,157.1,174
8175,Run,2.01,15.55,139.6,167
8176,Run,5.01,38.18,153.1,172
8177,Run,4.01,29.78,155,188
8178,Run,1.02,8.28,160.8,171
8179,Run,3.9,30,0,0
8180,Run,2.91,15.95,157.5,190
8181,Run,2.51,19.45,143.7,180
8182,Elliptical,4,30,0,0
8183,Run,5,38,0,0
8184,Run,2.37,18.15,152.5,167
8185,Run,1.01,8.45,146.1,165
8186,Run,0.5,2.15,0,0
8187,Run,1.64,13.17,138.6,162
8188,Run,3.01,22.62,151.4,168
8189,Ride,2.66,16.35,122.3,144
8190,Run,5,39.92,0,0
8191,Run,6.01,48.97,140.6,165
8192,Run,2.29,18.57,167.7,182
8193,Run,3.3,18.23,147.6,182
8194,Run,2.26,17.78,156.5,173
8195,Run,5,41.55,0,0
8196,Run,11.01,77.47,158.8,182
8197,Run,1.07,9.2,141.9,148
8198,Run,1.99,10.07,146.9,171
8199,Run,2.01,15.5,136.5,165
8200,Run,5.06,39.15,146.7,167
8201,Run,6,46.3,0,0
8202,Run,9.02,68.75,152.7,175
8203,Run,2.28,17.97,163.9,173
8204,Run,2.51,14.13,149.9,178
8205,Run,2.23,17.27,149.9,166
8206,Run,7.01,53.62,151.7,167
8207,Run,12.01,86.5,156.7,180
8208,Run,2.01,16.52,148.7,165
8209,Run,3.55,21.42,164,188
8210,Run,2.01,14.92,152.8,169
8211,Run,5.01,39.6,144.9,170
8212,Run,6.01,47.28,147.1,164
8213,Run,9.01,65.02,143.9,189
8214,Run,2.04,17.73,141.3,153
8215,Run,4.06,24.82,165.5,195
8216,Run,2.23,17.5,145.6,159
8217,Run,7.07,53.52,147.1,174
8218,Run,7.01,54.48,153.3,168
8219,Run,11.02,84.17,159.4,181
8220,Run,2.08,17.45,155.4,170
8221,Run,2.62,14.02,153.4,179
8222,Run,2.01,14.9,145.8,172
8223,EBikeRide,6,20,0,0
8224,Run,2.6,20.27,151,168
8225,Run,9.03,66.28,158,186
8226,Run,2.29,20.75,162,178
8227,Run,3.27,20.23,152.3,191
8228,Run,2.22,18.27,149.5,176
8229,Run,7,55.2,0,0
8230,Run,1.01,9.35,171.6,181
8231,Run,3.11,18.08,185.2,204
8232,Run,1.47,11.07,157.5,176
8233,Run,4.01,31.38,155.7,177
8234,Run,1.01,8.6,134.7,155
8235,Run,2.19,16.22,144.4,167
8236,Run,2.02,15.4,136.3,158
8237,Run,3.02,24.25,139.1,149
8238,Run,8.02,59.42,153.7,170
8239,Run,2.01,15.17,160.8,169
8240,Run,3.49,19.38,169.4,200
8241,Run,2.02,15.17,145.2,174
8242,Run,5.16,40.25,148.8,166
8243,Run,11.01,82.67,156.5,182
8244,Run,6.2,48.72,156.2,173
8245,Run,1.16,9.27,154.5,172
8246,Run,3.61,22.73,172.3,201
8247,Run,2.01,14.15,156,180
8248,Run,4.01,29.92,152,180
8249,Run,6.02,44.2,159.1,183
8250,Run,4.04,31.22,145.1,169
8251,Run,11.01,85.22,146,168
8252,Run,5,38.43,0,0
8253,Run,4.01,31.6,163.6,172
8254,Run,3.47,17.67,171.8,202
8255,Run,2.01,14.95,142.7,149
8256,Run,4.01,31.12,155.2,178
8257,Run,6,47.55,0,0
8258,Run,2.01,15.9,152.9,171
8259,Run,4.14,23.47,164.2,192
8260,Run,2.01,16.6,157.3,171
8261,Run,5.02,41.13,155.7,173
8262,Run,11.03,80.23,164.7,180
8263,Run,4,31.07,0,0
8264,Run,3,22.13,0,0
8265,Run,4.16,31.12,144,159
8266,Run,2,15.25,160.9,175
8267,Run,1.66,10.45,157.9,189
8268,Run,2.01,15.17,148.5,165
8269,Run,4,31.63,0,0
8270,Run,8.01,55.47,162.1,183
8271,Run,2.04,15.72,167,180
8272,Run,2.16,13.97,148.4,178
8273,Run,2.03,14.98,141.9,155
8274,Run,5.56,46.13,139.2,152
8275,Run,4,31.2,0,0
8276,Run,8.12,61.9,151.5,181
8277,Run,2,15.75,0,0
8278,Run,4.1,24,0,0
8279,Run,2,16.12,0,0
8280,Run,2.5,18.92,0,0
8281,Run,1.66,11.9,148.2,175
8282,Run,2.04,17.07,135.8,153
8283,EBikeRide,0,10,0,0
8284,Run,8,59.83,0,0
8285,Run,0.28,2.6,150.8,154
8286,EBikeRide,0,20,0,0
8287,Run,1,10,0,0
8288,Run,1,4.88,0,0
8289,Run,2,16.1,141.9,177
8290,Run,3.01,24.9,139.1,154
8291,Run,5.07,38.85,148.2,168
8292,Run,2.01,17.37,162.5,172
8293,Run,3.06,18.3,154.6,186
8294,Run,2.78,22.27,138.1,158
8295,Run,5,39.5,0,0
8296,Run,10.02,78.28,157,184
8297,Run,1.17,9.65,164.5,173
8298,Run,1.37,5.98,151.1,180
8299,Run,2.01,15.5,144.9,168
8300,Run,4.04,31.8,142.7,162
8301,Run,4.03,32.17,148.6,167
8302,Run,8.04,63.62,150,179
8303,Run,2.01,18.3,148.8,159
8304,Run,3.96,22.52,150,174
8305,Run,2.3,18.48,151.9,186
8306,Run,5.32,43.33,145.7,164
8307,Run,10.03,76.33,153.7,176
8308,Run,2.03,16.3,159,171
8309,Run,4.4,27.7,156.1,175
8310,Run,2.04,15.85,138.5,165
8311,Run,5.01,38.62,152.8,173
8312,Run,3.31,27.72,163.5,176
8313,Run,1,4.88,0,0
8314,Run,1.72,14.5,144.7,165
8315,Run,4.04,30.02,151.3,180
8316,Run,2.06,17.15,145.8,170
8317,Run,2.03,11.77,138.6,165
8318,Run,2.01,15.98,142.3,155
8319,Run,5.2,39.4,158,176
8320,Run,10.01,75.75,157,192
8321,Run,6.57,52.77,143.6,158
8322,Run,6.02,47.2,154.6,178
8323,Run,4.02,31.78,154.6,178
8324,Run,8.01,62.5,157,181
8325,Run,1.32,10.52,152.4,165
8326,Run,4.96,31.77,159.3,188
8327,Run,2.01,16.4,150.1,159
8328,Run,5.04,39.85,150.6,176
8329,Run,10.03,75.62,152.7,182
8330,Run,2.02,15.77,147.8,164
8331,Run,4.27,27.78,158.2,185
8332,Run,2.06,16.23,153.3,181
8333,Run,4.01,32.55,148,187
8334,Run,6.01,48.2,151.6,176
8335,Run,7.01,55.85,153.7,169
8336,Run,2.01,16.35,145.1,174
8337,Run,2.15,15.05,147.7,169
8338,Run,2.05,16.57,138.5,168
8339,Run,5.02,39.33,149.1,171
8340,Run,8.04,61.4,154.4,180
8341,Run,5.02,39.92,145.7,166
8342,Run,4,31.22,0,0
8343,EBikeRide,0,40,0,0
8344,Run,2.01,14.2,0,0
8345,Run,4.01,31.08,157.4,172
8346,Run,4.01,31.13,163.1,195
8347,Run,5.02,40.28,158.5,182
8348,Run,5,38.93,0,0
8349,Run,3.65,30.08,156.8,172
8350,Run,5.02,42.93,164.6,195
8351,Run,5.01,41.2,161.4,185
8352,Run,5.01,40.1,154.7,171
8353,Run,7.02,55.27,146.7,169
8354,Run,4,31.98,0,0
8355,Run,0.55,4.38,156.9,169
8356,Run,3.05,18.55,162.9,196
8357,Run,1.5,12.05,146.2,154
8358,Run,4.02,31.58,155.5,173
8359,Run,6.01,47.13,157.4,177
8360,Run,1.39,10.3,155.8,165
8361,Run,2.62,15.95,153.3,194
8362,Run,1.24,10.03,138.1,145
8363,Run,4.01,32.55,153.8,182
8364,Run,3.46,27.2,148.8,179
8365,Run,3,23.67,148.2,168
8366,Run,4.04,32.72,154.6,174
8367,Run,2,16.23,141.2,164
8368,Run,1.01,8.95,0,0
8369,Run,3.1,17.35,0,0
8370,Run,2.01,15.83,0,0
8371,Run,3.03,23.57,154.2,177
8372,Run,2.5,20,0,0
8373,Run,5.09,39.17,149.7,178
8374,Run,1.91,15.55,166.1,177
8375,Run,3.31,21.45,154.9,183
8376,Run,2.27,17.83,145.3,155
8377,Run,5,39.43,0,0
8378,Run,8.17,61.68,153.8,174
8379,Run,2.01,15.5,164.1,177
8380,Run,3.03,16.35,149.7,184
8381,Run,2,15.7,154.4,172
8382,Run,5.04,39.15,149.7,165
8383,Elliptical,0,40,0,0
8384,Run,7.05,51.72,145.6,173
8385,Run,2.03,15.55,151.8,159
8386,Run,3.98,23.53,153.8,185
8387,Run,2.02,15.68,137.5,155
8388,Run,5.01,38.67,145.4,176
8389,Run,10.03,76.7,153,173
8390,Run,1.34,10.45,151.6,160
8391,Run,2.55,12.9,148.3,173
8392,Run,1.62,12.48,145.8,161
8393,Run,6.03,45.15,153.1,169
8394,Run,4.03,31.3,144.7,175
8395,Run,7.03,53.2,143.6,168
8396,Run,2.01,14.8,157.2,167
8397,Run,4.18,25.72,171.6,192
8398,Run,2,15.77,150.3,166
8399,Run,5,39.88,0,0
8400,Run,12.02,89.4,149.3,175
8401,Run,2.06,18.63,143.8,161
8402,Run,3.1,17.67,0,0
8403,Run,2.02,16.52,143.9,156
8404,Run,4.13,32.05,147.6,168
8405,Run,2.5,20,0,0
8406,Run,6.02,45.68,155.4,177
8407,Run,2.03,16,144.2,158
8408,Run,4.31,27.45,168,188
8409,Run,2.01,15.42,148.8,173
8410,Run,5,39.67,0,0
8411,Run,12.02,88.57,151.7,178
8412,Run,2.01,15.35,155.6,170
8413,Run,3.13,16.98,161.7,186
8414,Run,2.01,15.73,133.1,162
8415,Run,6.09,46.93,157.8,184
8416,Elliptical,0,40,0,0
8417,Run,8.02,62.35,148.7,171
8418,Run,2.03,16.93,141.1,159
8419,Run,3.3,18.22,161.4,190
8420,Run,2.03,16.43,138,159
8421,Run,5.01,39.45,156,178
8422,Run,12.01,90.03,156.1,174
8423,Run,2.01,16.5,154.8,173
8424,Run,4.89,29.37,160.8,193
8425,Run,2.02,15.65,144.1,167
8426,Run,6.04,46.95,154.6,172
8427,Elliptical,0,40,0,0
8428,Run,8.01,62.33,156.5,176
8429,Run,2.02,15.55,148.3,167
8430,Run,3.53,20.58,164.5,190
8431,Run,2.01,15.85,141.7,166
8432,Run,5.01,40.07,150.9,170
8433,Run,12.08,90.35,157.5,173
8434,Run,8,57,0,0
8435,Run,4.04,32.88,143.1,167
8436,Run,5.03,40.37,151.2,173
8437,Run,0.95,6.88,137.8,165
8438,Run,2.04,16.18,141.8,154
8439,Run,2.09,17.68,161.3,176
8440,Run,2.63,12.77,149.9,197
8441,Run,2.01,16.12,145.1,166
8442,Run,2.5,20,0,0
8443,Run,5,40,0,0
8444,Run,12.02,86.58,161.3,181
8445,Run,1.16,10.2,144.6,159
8446,Run,4.98,30.2,189.1,205
8447,Run,1.53,12.37,150.6,166
8448,Run,2.04,16.58,145.1,169
8449,Run,3.85,31.5,143.9,168
8450,Run,0.47,4.13,127.7,140
8451,Run,5.32,42.6,157.6,176
8452,Run,1,9.25,166.7,178
8453,Run,3.6,22.52,153.6,191
8454,Run,2.01,16.77,142.8,161
8455,Run,4.02,30.97,160.2,177
8456,Run,4.02,31.78,181.9,193
8457,Run,4.12,34.58,147.3,163
8458,Run,1.06,9.35,144.2,166
8459,Run,3.5,20.7,148.7,185
8460,Run,1.07,9.23,144,162
8461,Run,4.03,33.92,140.8,159
8462,Run,0.62,4.92,159.4,171
8463,Run,10.02,72.77,159,180
8464,Run,1.39,12.65,143.3,158
8465,Run,3.31,17.5,184.7,205
8466,Run,1.58,12.95,148.9,172
8467,Run,3.14,24.08,150.7,167
8468,Run,6.02,45.78,150.5,173
8469,Run,0,0,0,0
8470,Run,5.09,39.45,147.6,171
8471,Run,1.02,9.32,148.7,161
8472,Run,3.56,20.78,164.4,197
8473,Run,1.5,12.12,147.6,187
8474,Run,4.03,31.47,147.8,161
8475,Run,1.01,9.45,138,151
8476,Run,3.11,22.45,159.3,175
8477,Run,1.02,8.55,142.9,172
8478,Run,12.03,92.18,160,180
8479,Run,1.73,13.62,161.3,176
8480,Run,4.35,24.03,169.1,198
8481,Run,2.01,16.93,136.6,157
8482,Run,6.02,49.1,147,165
8483,Run,10.02,74.58,162,189
8484,Run,1.25,11.33,146.9,176
8485,Run,4.3,25.4,161.3,188
8486,Run,1.52,12.23,139.2,153
8487,Run,6.11,49.17,149.5,169
8488,Run,7.1,54.18,155.8,175
8489,Run,12.05,87.38,152.8,176
8490,Run,1.51,12.13,161.8,171
8491,Run,5.52,37.35,170.1,197
8492,Run,2.01,16.73,139.8,161
8493,Run,5.21,40.27,158.5,173
8494,Run,9.02,71.43,161.8,184
8495,Run,2.01,16.83,153.1,171
8496,Run,1.97,9.62,160.8,193
8497,Run,2.02,16.25,143.7,172
8498,Run,7.06,55.85,152.3,174
8499,Run,2.01,19.83,144.6,151
8500,Run,5.01,29.75,190.7,204
8501,Run,2.01,17.18,153.3,166
8502,Run,4.01,32.2,155.2,177
8503,Run,7.1,57.03,152.6,172
8504,Run,5.02,41.83,143.2,162
8505,Run,8.11,66.47,151.6,174
8506,Run,1.9,16.05,157.7,178
8507,Run,3.9,20.63,178.4,204
8508,Run,1.27,10.83,137.8,164
8509,Run,5.17,41.98,140.7,151
8510,Run,10.01,79.6,164.1,183
8511,Run,2.01,18.27,158.6,172
8512,Run,3.76,21.58,177.5,200
8513,Run,1.12,9.42,143.3,159
8514,Run,2.05,17.65,148.1,167
8515,Run,4.02,31.87,145.7,155
8516,Run,7.02,56.3,152,175
8517,Run,6.09,48.9,157.6,178
8518,Run,1.53,13.52,161.8,172
8519,Run,0.28,1.78,163,178
8520,Run,2.37,12.87,177.4,204
8521,Run,1.08,9.33,143.7,169
8522,Run,3.02,23.83,155.1,168
8523,Run,3.01,24.72,145.9,168
8524,Run,5.04,38.05,157.2,173
8525,Run,6.26,46.95,164.6,180
8526,Run,8.07,61.95,157.4,179
8527,Run,4.25,30.05,148.8,162
8528,Run,3.61,29.45,156.2,181
8529,Run,2.01,16.43,141.8,168
8530,Ride,9.6,55.23,122,162
8531,Run,4.02,32.23,155.9,171
8532,Run,7.01,53.9,157.6,176
8533,Run,7.01,55.2,158.3,177
8534,Run,5,41.57,153.8,171
8535,Run,2.07,16.33,150.7,165
8536,Run,3.06,25.07,143.6,169
8537,Run,1.79,16.47,163.8,173
8538,Run,4.23,32.4,166.3,196
8539,Run,2.01,17.15,144.5,158
8540,Run,6.03,49.27,154.2,175
8541,Run,5.02,42.75,150.5,173
8542,Run,1.7,15.32,135.7,171
8543,Run,1.12,10.55,151.7,158
8544,Run,4.78,28.93,181.9,199
8545,Run,2.5,20.88,153.2,172
8546,Run,8.05,67.22,147.5,175
8547,Run,13.12,106.03,153.9,183
8548,Run,6.1,49.68,153.4,172
8549,Run,2.09,17.22,142.6,163
8550,Run,5.01,43.58,154.3,177
8551,Run,7.32,64.58,161.5,182
8552,Run,2.68,24.35,150.3,169
8553,Run,2,18.43,161.9,172
8554,Run,5.11,35.57,182.9,198
8555,Run,2.01,17.07,151.4,167
8556,Run,8.01,65.87,153.8,172
8557,Run,2.43,20.45,159.3,168
8558,Run,4.16,24.52,176,193
8559,Run,2.49,20.88,141.1,156
8560,Run,7.01,57.05,152.3,171
8561,Run,10.01,82.28,158.9,177
8562,Run,0.51,3.48,155.9,170
8563,Run,6.5,54.85,157.9,179
8564,Run,7.05,56.18,147,167
8565,Run,0.3,2,0,0
8566,Run,2.01,16.45,165.1,178
8567,Run,3.77,25.68,173,193
8568,Run,2.01,16.47,142.9,158
8569,Run,5.02,39.73,163.8,199
8570,Run,3.82,30.57,159.8,174
8571,Run,2.01,16.73,164.8,178
8572,Run,12.02,92.37,151.1,177
8573,Run,8.07,62.08,155.7,177
8574,Run,9.1,73.83,147.1,173
8575,Run,2.63,21.57,161.5,192
8576,Run,4.37,27.97,172.9,191
8577,Run,2,17.28,131.6,142
8578,Run,8.1,66.6,155.7,173
8579,Run,8.01,65.65,156.9,174
8580,Run,11.01,88.12,158.4,177
8581,Run,6.01,48.62,147.8,168
8582,Run,2.03,17.65,151.8,168
8583,Run,2.74,21.1,167.3,191
8584,Run,2.28,18.63,138.7,156
8585,Run,9.04,71.95,147.8,169
8586,Run,6.08,50.45,152.8,172
8587,Run,2.07,16.65,152.5,169
8588,Run,1.88,15.13,164.6,176
8589,Run,3.12,20.03,181.4,195
8590,Run,2.01,16.53,141.9,155
8591,Run,7.01,58.42,146.3,159
8592,Run,10.03,77.9,164.5,186
8593,Run,5.01,41.9,153.3,177
8594,Run,2.05,18.3,163.8,173
8595,Run,2.97,22.98,172.9,194
8596,Run,2,16.82,145,161
8597,Run,8.01,65.92,159.1,178
8598,Run,7.02,57.17,160.6,176
8599,Run,1.53,13.07,166.8,179
8600,Run,4,28.33,177,194
8601,Run,1.48,12.95,138.1,151
8602,Run,6.05,49.27,158.2,176
8603,Run,9.07,73.03,159.6,176
8604,Run,6.01,49.07,155.6,177
8605,Run,6.01,49.42,150.5,170
8606,Run,2.04,16.4,147.7,166
8607,Run,6.02,51.35,151.4,170
8608,Run,7.01,53.62,171.1,194
8609,Run,6,47,164.2,187
8610,Run,3.01,24.77,163.1,182
8611,Run,8.01,63.22,168.1,189
8612,Run,4.01,31.67,150.7,169
8613,Run,4,30.53,0,0
8614,Run,6,45.2,0,0
8615,Run,7.01,53.97,159.3,173
8616,Run,6.02,46.45,162.3,181
8617,Run,5,39.33,0,0
8618,Run,7.01,54.68,170.2,187
8619,Run,4.01,32.17,162,182
8620,Run,4.01,32.65,157.1,177
8621,Run,6.02,47.17,161.3,186
8622,Run,5.01,40.22,155.4,178
8623,Run,5.01,40.77,162.1,179
8624,Run,4.02,33.77,158.9,186
8625,Run,2.89,24.07,157.9,178
8626,Run,4.01,32.8,167.7,186
8627,Run,5,40.43,158.4,176
8628,Run,4,32.23,165.9,186
8629,Run,4.01,32.08,170,184
8630,Run,3,24.98,165.5,185
8631,Run,2.01,16.3,157,181
8632,Run,1.26,10.1,154.2,173
8633,Run,1,9.4,147.7,167
8634,Run,1.1,9.45,151.9,164
8635,Run,1.97,15.9,159.6,181
8636,Run,2.69,21.98,158.8,177
8637,Run,0.52,4.13,144.3,161
8638,Run,3.69,29.48,156,178
8639,Run,0.51,4.32,129.5,142
8640,Run,1.01,8.88,157.2,171
8641,Run,0.52,4.72,168.8,186
8642,Run,0.54,3.38,158,187
8643,Run,1.02,7.92,153,179
8644,Run,3.67,29.73,143.8,169
8645,Run,3.01,23.38,143.2,152
8646,Run,7,50.55,158.5,178
8647,Run,3.85,31.35,149.1,165
8648,Run,4.04,30.13,153.5,168
8649,Run,1.28,12.95,141.5,161
8650,Run,1.3,10.15,156.1,169
8651,Run,3.79,30.52,138.5,154
8652,Run,0.26,2.17,120.5,137
8653,Run,2.06,17.67,139.3,150
8654,Run,1,10.43,155,165
8655,Run,0.5,2.13,0,0
8656,Run,1.12,10.1,134.6,149
8657,Run,3.01,24.92,147,170
8658,Run,8.11,64.67,142,160
8659,Ride,2.12,12.83,110.6,126
8660,Ride,0.74,4.8,124.2,146
8661,Run,0.91,6.18,149.2,168
8662,Run,3.66,29.12,152.1,170
8663,Ride,0.55,3.5,100,124
8664,Run,0.52,4.23,129.9,143
8665,Run,3.71,30.05,147.5,169
8666,Run,0.76,6.9,129.1,138
8667,Run,1.07,10.7,154.4,163
8668,Run,2,11.18,0,0
8669,Run,1.61,13.47,155.5,169
8670,Run,5.02,40.53,154.7,173
8671,Run,0.76,6.3,132.7,142
8672,Run,1.71,15.52,159.5,168
8673,Run,2.36,13.53,174.7,204
8674,Run,1.01,7.93,139.7,160
8675,Run,5.09,40.87,148.2,171
8676,Run,10.01,78.8,157.4,176
8677,Run,6.09,48.15,143.8,164
8678,Run,1.05,8.73,130.1,137
8679,Run,4.5,32,0,0
8680,Run,5.04,40.95,143.8,159
8681,Run,0.52,4.37,127,143
8682,Run,7.03,54.58,151.2,173
8683,Run,4.83,34.43,156.3,200
8684,Run,1.54,12.52,137.7,155
8685,Run,6.07,49.5,135,149
8686,Run,12.06,95.17,143.2,164
8687,Ride,2.12,12.4,123.8,142
8688,Run,6.05,46.73,150.5,174
8689,Run,0.8,3.13,0,0
8690,Run,3.01,25.58,155.2,168
8691,Run,1.04,12.13,139.6,149
8692,Run,1.34,12.42,138.9,151
8693,Run,5.05,38.88,161.4,184
8694,Run,6.01,49.22,154.2,177
8695,Run,1.02,8.35,133.3,147
8696,Run,6.04,49.65,143.3,164
8697,Run,10.09,76.5,158.2,182
8698,Run,5.01,40.13,148,168
8699,Run,5.01,42.03,139.6,161
8700,Run,1.04,8.73,129.4,141
8701,Run,3,25,0,0
8702,Run,1.11,9.97,140.9,156
8703,Run,5.03,42.78,143.4,161
8704,Run,3.01,27.95,155.1,173
8705,Run,1.67,9.07,165.8,196
8706,Run,1.03,8.1,141,151
8707,Run,6.22,49.65,145.6,162
8708,Run,2.01,17.02,136.1,172
8709,Run,12.01,92.4,156.5,181
8710,Run,2,11,0,0
8711,Run,1.05,12.12,129.3,145
8712,Run,1.83,15,153.4,170
8713,Run,5.01,40.75,145,157
8714,Run,1.03,8,140.2,152
8715,Run,3.41,27.77,152.9,174
8716,Run,2.37,16.22,176.5,196
8717,Run,1.26,9.88,138.7,156
8718,Run,7.04,56.25,150.2,164
8719,Run,1.01,7.9,137.6,152
8720,Run,2.07,19.62,145.1,170
8721,Run,2.93,18.97,154.9,196
8722,Run,1.01,7.98,137.5,149
8723,Run,3.01,24.98,142.8,164
8724,Run,12,92.65,162.4,180
8725,Run,5.02,41.2,141.8,158
8726,Run,1.02,8.38,128.2,138
8727,Run,2.33,21.52,155.6,171
8728,Run,3.68,25.63,163.3,196
8729,Run,1.04,8.23,137.8,149
8730,Run,7.01,56.58,152.6,167
8731,Run,1.03,8.42,143.6,159
8732,Run,2.75,24.83,161.2,182
8733,Run,3.27,20.58,177.6,204
8734,Run,1.03,7.93,148.8,165
8735,Run,6.01,50.18,144,160
8736,Run,1.02,7.97,130.4,148
8737,Run,3.02,26.43,137,151
8738,Run,12.01,96.82,151.8,171
8739,Ride,2.1,12.45,121.2,144
8740,Run,2.85,24.43,144.3,159
8741,Run,1.56,8.82,145.3,173
8742,Run,1.06,8.05,140,149
8743,Run,9.06,72.77,150.8,173
8744,Run,2,16.88,149.8,163
8745,Run,3.01,22.3,163.1,185
8746,Run,1.03,8.05,139.6,151
8747,Run,6.07,47.75,149.8,173
8748,Run,1.97,15.68,156,164
8749,Run,3.19,19.27,177.5,206
8750,Run,1.04,7.73,151.9,169
8751,Run,4.02,33.12,149.1,174
8752,Ride,3.29,19.08,117.7,140
8753,Run,4,32.17,153.6,176
8754,Run,6.56,49.52,160.6,185
8755,Run,4.45,33.97,158.8,180
8756,Run,8.02,66.33,148.8,169
8757,Run,2.05,19.1,151.2,164
8758,Run,4.25,30.83,169.1,202
8759,Run,1.71,13.83,142.6,169
8760,Run,5.01,39.92,145.2,167
8761,Run,5.02,38.83,149.2,176
8762,Run,4.02,32.22,148.9,171
8763,Run,11.01,82.95,162,181
8764,Ride,2.12,13.58,128.3,155
8765,Ride,2.12,12.17,124,146
8766,Run,5.01,38.45,162,183
8767,Run,8.05,62.67,155.1,179
8768,Run,2.56,22.82,153.7,169
8769,Run,4.09,28.5,172.5,199
8770,Run,1.52,12.13,139,157
8771,Run,4,31.83,143,164
8772,Run,5.04,38.93,156,179
8773,Run,11.09,83.88,154.9,179
8774,Run,3.64,28.15,145.3,169
8775,Ride,2.13,12.93,131,158
8776,Run,5.01,38.97,151.6,177
8777,Run,8.05,57.87,173.4,196
8778,Ride,2.18,13.77,120.1,159
8779,Ride,2.13,12.38,137,157
8780,Run,5.12,38.67,164.7,196
8781,Run,7.6,57,0,0
8782,Run,5.03,39.1,155.3,176
8783,Run,4,31.08,148.6,171
8784,Ride,2.06,11.73,125.7,146
8785,Run,7.03,53.37,152,179
8786,Ride,2.12,11.28,127.5,154
8787,Run,4.01,30.9,152.1,172
8788,Ride,2.12,11.58,136.1,158
8789,Run,10.01,74.33,166.1,183
8790,Ride,2.1,12.3,133.7,157
8791,Run,7,54,0,0
8792,Ride,2.07,11.92,125.3,141
8793,Run,4.01,31.23,154.9,176
8794,Run,4.02,31.2,153.7,179
8795,Run,10.02,74.45,162.1,185
8796,Run,3.06,23.5,150,174
8797,Run,4.01,30.73,155.8,177
8798,Run,8.08,60.28,162.5,179
8799,Ride,2.03,13.35,122.7,163
8800,Ride,2.06,12.55,126.6,143
8801,Run,6,46,0,0
8802,Run,5,38.03,160.5,183
8803,Run,4,31.28,156,176
8804,Run,4.01,30.68,166.4,181
8805,Run,10.01,74.75,166.2,187
8806,Run,4.01,30.48,157.8,184
8807,Run,5.1,39.2,165.3,183
8808,Run,8.09,59.98,165.3,185
8809,Run,2.78,21.57,151.2,172
8810,Run,2.23,17.52,147.1,176
8811,Run,4.02,30.75,161.6,182
8812,Run,10.17,76.82,163.1,182
8813,Run,4.02,31.5,0,0
8814,Run,4.05,32.13,0,0
8815,Run,7.06,55.67,0,0
8816,Run,4,31.77,0,0
8817,Run,4.03,31.57,0,0
8818,Run,5.01,38.97,0,0
8819,Run,5.01,39.62,0,0
8820,Run,5.02,39.62,0,0
8821,Run,3.04,23.95,0,0
8822,Run,7.04,54.6,0,0
8823,Run,5.02,39.73,0,0
8824,Run,4.02,32.17,0,0
8825,Run,5.02,40.77,0,0
8826,Run,3.07,24.23,0,0
8827,Run,11.03,84.67,0,0
8828,Run,4.04,30.77,0,0
8829,Run,5.03,39.1,0,0
8830,Run,5.07,39.25,0,0
8831,Run,5.07,40.83,0,0
8832,Run,5.06,38.33,0,0
8833,Run,4.04,31.47,0,0
8834,Run,8.04,61.33,0,0
8835,Run,4.02,31.3,0,0
8836,Run,4.01,31.27,0,0
8837,Run,4,32.12,0,0
8838,Run,4.01,31.42,0,0
8839,Run,6.03,44.8,0,0
8840,Run,4.03,29.72,0,0
8841,Run,4.03,31.3,0,0
8842,Run,4.03,31.2,0,0
8843,Run,4,30.85,0,0
8844,Run,4.02,31.05,0,0
8845,Run,3.01,25.13,0,0
8846,Run,2.05,16.43,0,0
8847,Run,1.01,7.98,0,0
8848,Run,5.01,39.58,0,0
8849,Run,5.04,39.13,0,0
8850,Ride,3.48,20.2,0,0
8851,Run,3.46,26.98,0,0
8852,Run,5.03,38.77,0,0
8853,Run,5,39.07,0,0
8854,Run,3.02,24.1,0,0
8855,Run,3.04,24.7,0,0
8856,Run,5.03,39.28,0,0
8857,Run,3.8,28.93,0,0
8858,Run,2.46,20.45,0,0
8859,Run,3.01,24.8,0,0
8860,Run,5.08,38.47,0,0
8861,Run,2.01,16.15,0,0
8862,Run,5.01,38.45,0,0
8863,Run,3.77,29.78,155.3,178
8864,Run,3.07,24,101,101
8865,Run,5.02,40.63,113.2,176
8866,Run,3.8,30.67,156,172
8867,Run,2.01,16.37,160.6,174
8868,Run,5.03,38.57,163.1,187
8869,Run,3.01,24.05,154.8,186
8870,Run,3.67,28.77,0,0
8871,Run,3.01,26,146.9,174
8872,Run,1.71,14.68,164.4,181
8873,Run,2.09,13.35,160.5,186
8874,Run,1.3,10.25,139.1,167
8875,Run,5.02,38.67,167,190
8876,Run,5.02,37.9,166.3,185
8877,Run,4.01,30.65,163.5,184
8878,Run,2.1,17.4,160.2,186
8879,Run,1.68,10.87,157.2,176
8880,Run,1.41,10.88,150.4,173
8881,Run,5.16,39.9,157.1,184
8882,Run,5.01,39.52,163.1,184
8883,Run,0.67,5.25,174.7,189
8884,Run,2.03,13.05,176.6,205
8885,Run,1,7.92,143.6,170
8886,Run,3.57,27.95,154.5,192
8887,Run,3.43,28.43,156.7,176
8888,Run,3.74,31.12,157.2,173
8889,Run,3.75,29.32,153.5,182
8890,Run,5.01,40.33,160.6,187
8891,Run,3.64,29.82,158.8,186
8892,Run,3.21,25.62,157.7,180
8893,Run,1.14,9.43,136.4,147
8894,Run,3.22,26.63,159.3,186
8895,Run,2.02,17.45,142,170
8896,Run,3.61,30.28,153.6,174
8897,Run,3.06,24.23,163.3,185
8898,Run,3.01,24.35,158.8,172
8899,Run,2.01,16.37,138.3,185
8900,Run,1.14,9.25,162.1,183
8901,Run,1.12,8.77,153.4,170
8902,Run,5,38.37,158.6,178
8903,Run,7.01,54.77,153,180
8904,Run,1.74,13.85,82.9,164
8905,Run,3.01,23.27,159.4,186
8906,Ride,3.87,23.78,127.5,150
8907,Run,5.01,37.4,167.1,191
8908,Run,5.01,38.12,161.9,195
8909,Run,3.72,28.77,166.9,191
8910,Run,3.8,29.95,162.6,189
8911,Run,3.5,28.67,151.9,184
8912,Run,6.01,47,164.9,183
8913,Run,5.13,40.08,157.4,178
8914,Run,4.82,38.87,147,172
8915,Run,13.13,97.78,169,189
8916,Run,5.95,51.7,141.8,166
8917,Run,2.5,21.78,143.7,162
8918,Run,3.01,18.02,196.2,205
8919,Run,1.54,12.88,147.4,168
8920,Run,6.03,48.45,145.5,170
8921,Run,7.01,56.38,148.1,178
8922,Run,8.01,65.4,145.9,168
8923,Run,8.01,65.08,144.5,163
8924,Run,12.03,94.9,150.1,189
8925,Run,6.01,47.08,161,178
8926,Run,5.02,40.23,154.1,177
8927,Run,6.02,47.72,155.9,177
8928,Run,7.03,56.2,154.4,176
8929,Run,8.05,65.33,153,174
8930,Run,6.02,49.38,155.5,181
8931,Run,6.05,51.62,148.3,169
8932,Run,12.01,90.75,169.4,188
8933,Run,6.01,49.03,152.7,175
8934,Run,5.01,41.97,151,175
8935,Run,7.04,56.82,156.5,175
8936,Run,7.01,55.07,155.3,175
8937,Run,7.01,56.45,160.5,182
8938,Run,7.03,57.3,147,164
8939,Run,10.03,75.45,163.6,185
8940,Run,3.15,23.28,162,182
8941,Run,4.04,32.55,150.7,181
8942,Run,6.01,50.55,154.5,194
8943,Run,6,50.5,147.2,168
8944,Run,4.01,34.1,144.6,166
8945,Run,7.01,51.23,166.9,193
8946,Run,6.01,53.37,149.8,170
8947,Run,5.01,43.18,155.6,182
8948,Run,8.01,65.45,159.8,182
8949,Run,8.01,63.23,163,189
8950,Run,5.01,41.52,158.6,182
8951,Run,6.01,49.63,160.6,181
8952,Run,10.01,78.23,171.7,191
8953,Run,4,31.53,0,0
8954,Run,6.01,45.87,171.6,195
8955,Run,7.03,54.17,165.2,182
8956,Run,7.01,57.63,161.4,179
8957,Run,5,38.7,167.4,191
8958,Run,6.02,49.27,161.1,179
8959,Run,8.01,61.37,168.4,190
8960,Run,5,43.82,158,181
8961,Run,3,27.6,146.4,162
8962,Run,5.02,40.83,162.9,179
8963,Run,5.01,39.4,163.5,180
8964,Run,5.07,40.73,160.2,182
8965,Run,4.04,33.03,159,177
8966,Run,4.02,33.07,148.7,177
8967,Run,2.01,16.52,0,0
8968,Run,4.02,31.12,152.6,180
8969,Run,3.01,25.45,159.2,186
8970,Run,5.75,46.38,169.7,189
8971,Run,6.26,48.93,0,0
8972,Run,6.02,47.75,150.5,173
8973,Run,4,32,0,0
8974,Run,10.18,79.32,165.9,186
8975,Run,5.01,39.47,162.6,192
8976,Run,7,53.98,162,181
8977,Run,7.01,55.93,158.7,177
8978,Run,2.01,16.22,148.8,169
8979,Run,4.01,32.55,157.7,178
8980,Run,2.18,17.93,146.8,181
8981,Run,4,32.07,164.8,187
8982,Run,3.23,25.97,152.5,171
8983,Run,5.79,45.2,169.7,196
8984,Run,4.03,31.18,160,185
8985,Run,4,32.42,163.7,189
8986,Run,4.01,31.57,163.2,183
8987,Run,2,42.63,87.6,130
8988,Run,3.01,24.67,150.5,172
8989,Run,6.01,47.83,168.3,192
8990,Run,5.01,40.05,164.7,188
8991,Run,3.01,24.38,158.1,176
8992,Run,5,40.97,163.6,189
8993,Run,5.01,39.83,167.6,189
8994,Run,5,40.17,168.2,188
8995,Run,5,40.6,157.3,179
8996,Run,3,25.7,148.8,167
8997,Run,7.01,54.78,168.3,189
8998,Run,4.01,33.98,146.4,170
8999,Run,5.03,38.57,161.7,179
9000,Run,5.01,38.8,157.2,175
9001,Run,5.04,38.55,161.5,181
9002,Run,3.01,25.17,160.1,181
9003,Run,6.01,47.05,168.6,187
9004,Ride,1.17,7.37,131.8,175
9005,Run,4.02,31.73,164.7,186
9006,Run,5.02,39.15,163.1,182
9007,Run,4.1,33.2,158.5,177
9008,Run,4.02,31.75,169.6,194
9009,Run,4,31.97,0,0
9010,Run,5,37.38,0,0
9011,Run,5.05,37.88,167.7,184
9012,Run,1,7.83,0,0
9013,Ride,1.35,8.6,127.1,156
9014,Run,6.01,46.6,163.4,179
9015,Run,4.03,31.42,162.8,181
9016,Run,4.01,31.6,158.6,172
9017,Run,4.02,31.5,164.6,185
9018,Run,3,24.17,151.1,171
9019,Run,3.04,24.62,159.8,175
9020,Run,4,35.12,146.8,179
9021,Run,3.02,24.72,156.6,175
9022,Run,3.8,30.03,171.4,194
9023,Ride,3.9,20.32,142.9,172
9024,Ride,10.11,50.92,153,188
9025,Ride,5.22,27.07,147.3,182
9026,Ride,10.13,50.25,141.8,169
9027,Ride,6.08,34.18,126.7,149
9028,Ride,4.16,22.87,135.2,155
9029,Ride,5.06,27.62,135.7,166
9030,Ride,5.01,28.98,129.3,162
9031,Ride,4.27,25.82,132.4,170
9032,Ride,6.41,37.67,127.4,164
9033,Ride,6.48,37.85,131.4,167
9034,Run,11.38,89.68,162.6,179
9035,Run,5.02,41.53,151.3,176
9036,Run,7.02,57.2,166.2,182
9037,Run,6.02,51.45,156.1,173
9038,Ride,3.44,20.65,124.4,148
9039,Run,6.02,47.83,166.2,186
9040,Run,5.12,41.3,155.6,182
9041,Run,10.01,77.98,168.1,198
9042,Run,4.04,31.73,163.9,190
9043,Run,5.07,41.72,148.2,173
9044,Run,5.02,40.27,159.7,184
9045,Run,5.01,41.98,155.6,179
9046,Run,6.05,50.52,145.1,174
9047,Run,1.02,21.12,115.5,209
9048,Run,5.02,42.07,157.6,176
9049,Run,0.88,19.27,114.9,130
9050,Run,5.01,41.28,166.9,184
9051,Run,10.11,80.18,170.2,189
9052,Run,6.21,51.35,164.8,189
9053,Run,1.15,10.45,159.3,174
9054,Run,3.6,27.48,161,197
9055,Run,1.18,25.85,105.6,126
9056,Run,5.03,40.57,169.3,189
9057,Run,3.45,72.25,105.1,157
9058,Run,4.13,34.25,151.2,188
9059,Run,0.51,11.6,119.7,166
9060,Run,3.44,30.05,152.9,171
9061,Run,8.01,65.48,167.6,190
9062,Run,4.03,32.78,159.7,182
9063,Run,4.01,31.67,158.5,186
9064,Run,5.27,42.62,156.9,186
9065,Run,4.01,32.05,153.8,184
9066,Run,0.76,6.27,132.3,153
9067,Run,4.01,32.58,156.1,177
9068,Run,3.75,30.22,149.4,175
9069,Run,4.89,41.05,153.1,176
9070,Run,4.56,39.25,149.9,171
9071,Run,6.04,49.55,159,173
9072,Run,6.02,49.17,164.2,189
9073,Run,5.01,44.03,144.1,167
9074,Run,5.02,41.73,161.3,179
9075,Run,3.1,25.47,150.3,171
9076,Run,6.02,47.08,166.8,188
9077,Run,5,40.72,160,182
9078,Run,10.05,75.18,170.5,190
9079,Run,6.02,50.65,154,178
9080,Run,7.06,56.17,162.4,183
9081,Run,5.05,39.52,158.7,180
9082,Run,3.73,32,147.7,169
9083,Run,8,70.05,149.9,175
9084,Run,0.01,0.08,133,135
9085,Run,1.21,10.42,163.6,177
9086,Run,2.89,20.1,180.3,202
9087,Run,1.3,10.62,146.5,169
9088,Run,7.02,62.33,140.9,157
9089,Run,4.42,41.9,135,153
9090,Run,10.03,76.38,167.9,185
9091,Run,1.01,8.02,155.7,172
9092,Run,1.05,8.12,157.8,171
9093,Run,5.01,42.53,152.4,169
9094,Run,6.18,49.22,161.1,180
9095,Run,5.1,42.2,148.7,174
9096,Run,4.07,31.92,153.6,171
9097,Run,6.02,47.9,159.1,172
9098,Run,3,26.25,160.1,172
9099,Run,5.01,38.43,160.1,184
9100,Run,5.01,41.43,146.3,168
9101,Run,5.15,41.67,150.7,179
9102,Run,6.01,47.2,160.2,175
9103,Run,6.01,45.4,158.7,183
9104,Run,4.02,32.8,152.9,168
9105,Run,5.05,40.35,144.6,169
9106,Run,3.63,29.77,156.4,170
9107,Run,1.26,10.1,144.1,166
9108,Run,2.01,17.93,159.2,187
9109,Run,1,3.88,157.8,186
9110,Run,1.13,8.73,152,177
9111,Run,8.02,63.52,161.4,185
9112,Run,4.01,31.45,154.3,171
9113,Run,2.28,20.05,142.4,157
9114,Run,6.03,47.98,155.9,173
9115,Run,5.03,35.87,170.3,190
9116,Run,4.05,30.35,161.5,186
9117,Run,3.75,30.9,152.2,179
9118,Run,3.75,29.97,144.6,172
9119,Run,0.5,2.22,0,0
9120,Run,2.27,20.3,158.3,177
9121,Run,3.54,30.18,144.4,169
9122,Run,4.7,40.07,140.1,162
9123,Run,0.81,7.57,128.5,150
9124,Run,4.88,40,146.2,170
9125,Run,0.95,8.08,131.6,146
9126,Run,1.01,10.35,137.5,146
9127,Run,1.66,10.67,162.8,182
9128,Run,1.02,8.17,139,155
9129,Run,5.16,40.15,149.7,175
9130,Run,1.13,11.02,156.7,173
9131,Run,0,2.18,0,0
9132,Run,1.25,10.02,152.1,165
9133,Run,3.53,30,148.9,172
9134,Run,8.01,65.83,158.2,175
9135,Run,5.13,45.47,145.8,170
9136,Run,1.09,10.02,160.1,168
9137,Run,1.6,7.42,0,0
9138,Run,1.01,9.43,147.3,156
9139,Run,7.04,58.2,144.5,170
9140,Run,3.5,26.95,163.9,190
9141,Run,1.02,8.83,132.1,144
9142,Run,5,39.33,0,0
9143,Run,1.03,9.77,128.6,149
9144,Run,3.61,30.18,143,159
9145,Run,10.73,83.28,164.3,181
9146,Run,6.01,50.02,151.8,183
9147,Run,3.76,31.4,149.6,171
9148,Run,6.01,50.48,155.8,175
9149,Run,1.21,10.8,162,174
9150,Run,1.97,9.6,172.3,194
9151,Run,1.02,7.58,145.2,173
9152,Run,7.03,56.72,160.3,182
9153,Run,9.1,71.77,163.4,185
9154,Run,3.36,30.03,138.7,156
9155,Run,2.77,21.62,158.3,182
9156,Run,1.03,8.15,136.7,160
9157,Run,5,42.33,154.1,176
9158,Run,1.04,8.97,133.6,169
9159,Run,1.4,6.5,0,0
9160,Run,1,10.25,156.7,171
9161,Run,1.04,8.48,144.5,163
9162,Run,7.02,58.32,157.6,182
9163,Run,4.77,39.7,152.7,169
9164,Run,3.64,30.13,141.5,162
9165,Run,3.01,24.98,152.6,182
9166,Run,0.52,5.05,144.3,159
9167,Run,1.2,10.2,148.6,160
9168,Run,3.74,30.62,143.2,160
9169,Run,4.55,38.05,144.9,157
9170,Run,4.16,34.82,146.9,172
9171,Run,1.11,10.15,133.7,144
9172,Run,1.4,7,0,0
9173,Run,1,10.07,152.6,169
9174,Run,1.11,8.47,147.1,165
9175,Run,3.52,30.75,141.7,157
9176,Run,1.24,10.42,142.3,163
9177,Run,1.01,9.98,152.1,166
9178,Run,4.28,26.62,158.5,198
9179,Run,1.01,8.17,142,150
9180,Run,10.22,81.23,153,170
9181,Run,2.4,21.17,162.3,176
9182,Run,1,4.95,0,0
9183,Run,1.18,10.35,146.7,167
9184,Run,4.68,39.17,144.7,176
9185,Run,4.5,30,0,0
9186,Run,1.18,11.3,159.3,177
9187,Run,0.58,5.12,155.4,174
9188,Run,1.51,12.6,149.7,173
9189,Run,5.43,45.93,151.1,171
9190,Run,2.15,20.75,153.6,173
9191,Run,2.55,15.78,162,197
9192,Run,1.02,8.22,146.1,168
9193,Run,10.02,77.05,157.3,182
9194,Run,1.88,17.25,151.4,169
9195,Run,1.19,10.13,151.7,170
9196,Run,2,17.7,147.7,156
9197,Run,2.58,21.32,164.8,183
9198,Run,1.03,8.05,146.5,156
9199,Run,3,24.38,159.5,180
9200,Run,5.51,45.45,149.9,183
9201,Run,6.01,50.07,153.8,172
9202,Run,2.01,19.22,157.8,173
9203,Run,1.05,9.73,145.3,168
9204,Run,0.56,5.4,150.2,158
9205,Run,1.32,11.03,160.2,173
9206,Run,4.86,39.72,146.8,161
9207,Run,3.61,30.03,151.2,175
9208,Run,6.02,48.25,160,183
9209,Run,1,9.7,172.6,186
9210,Run,0.67,2.95,159.8,171
9211,Run,1.04,7.98,140,172
9212,Run,8.02,63.73,155.2,173
9213,Run,3.59,31.03,145.2,161
9214,Run,1.5,12.47,144.7,154
9215,Run,4.02,28.1,145.4,184
9216,Run,1.5,11.98,145.8,162
9217,Run,7.09,58.98,155.4,173
9218,Run,6.04,48.07,142.5,172
9219,Run,1.18,10.67,176.7,186
9220,Run,0.68,2.97,174.6,193
9221,Run,1.1,7.38,0,0
9222,Run,1.28,10.82,140.2,154
9223,Run,2.03,16.65,144.9,170
9224,Run,1.16,10.05,133.4,145
9225,Run,5.03,40.18,147.6,173
9226,Run,3.69,30.23,154.8,172
9227,Run,5.01,43.4,162.2,185
9228,Run,0.11,0.63,121.1,153
9229,Run,1.06,8.93,146.9,167
9230,Run,6.07,48.15,158.4,185
9231,Run,6.04,49.15,157.6,173
9232,Run,5.21,39.55,171.8,195
9233,Run,1.02,8.25,150.4,172
9234,Run,1.01,8.42,161.6,173
9235,Run,1.1,10.03,144.5,169
9236,Run,8.01,66.47,151.7,175
9237,Run,5.25,39.57,155.7,196
9238,Run,5.05,40.2,147.2,173
9239,Run,4.9,39.03,0,0
9240,Run,3.02,24,167.3,179
9241,Run,1.02,7.87,143.1,148
9242,Run,3,25.9,163.4,176
9243,Run,1.03,7.37,139.8,153
9244,Run,3,28.08,144.7,172
9245,Run,7.03,58.37,162.7,184
9246,Run,2.03,16.2,156.5,171
9247,Run,5.03,39.07,159.2,184
9248,Run,4.02,33.37,150.5,175
9249,Run,4.08,32.68,155.4,171
9250,Run,5.22,42.35,155.3,172
9251,Run,1.87,15.68,136.3,170
9252,Run,6.02,48.9,163.5,185
9253,Run,4.1,33.43,158,174
9254,Run,1.06,9.03,155,170
9255,Run,1.33,9.83,169.5,189
9256,Run,1.7,11.1,146.5,174
9257,Run,4.95,37.67,173.4,203
9258,Run,1.61,13.67,172.3,180
9259,Run,1.06,5.3,164.9,177
9260,Run,1.01,7.9,143.8,163
9261,Run,1.01,8.6,144.4,161
9262,Run,3.11,25.6,154.8,174
9263,Run,5.02,41.52,143.7,161
9264,Run,3.04,24.5,150.2,172
9265,Run,3.03,24.9,143.9,178
9266,Run,3.02,25.6,144.8,158
9267,Run,3.59,29.85,152.9,185
9268,Run,4,32.03,161.8,178
9269,Run,3.78,30.08,161.3,188
9270,Run,3.15,25.05,156.6,184
9271,Run,3.01,24.38,150.8,172
9272,Run,1.25,10.13,146.5,175
9273,Run,3.39,30.25,154.2,175
9274,Run,0.7,6.47,147.2,155
9275,Run,1.93,15.63,158.9,178
9276,Run,3.01,23.55,150.8,169
9277,Run,10.03,76.82,162.6,183
9278,Run,5.31,41.58,157.6,185
9279,Run,4.37,35.17,140.5,159
9280,Run,3.11,18.25,0,0
9281,Run,2.36,20.42,144.8,172
9282,Run,3.69,30.1,162.1,178
9283,Run,8.01,66.43,150,176
9284,Run,5.05,40.58,151.8,169
9285,Run,8.01,66.72,149.4,172
9286,Run,8.02,62.93,158.7,185
9287,Run,7.03,56.12,152.5,173
9288,Run,2,17.13,153.3,173
9289,Run,1.03,6.77,155.1,173
9290,Run,4.97,39.33,146.8,174
9291,Run,4.01,32.95,150.8,175
9292,Run,12.01,98.42,154.9,177
9293,Run,2,15,0,0
9294,Run,8.12,62.87,152.7,175
9295,Run,8.04,63.33,147.8,178
9296,Run,5.03,43.85,149.8,178
9297,Run,3.04,26.82,162.7,177
9298,Run,4.94,37.03,164.8,202
9299,Run,8.02,64.18,159.2,177
9300,Run,3.01,24.33,142.3,175
9301,Run,6.04,47.85,0,0
9302,Run,5.05,39.1,0,0
9303,Run,5.1,38.47,0,0
9304,Run,2.45,20.42,0,0
9305,Run,1.68,11.03,0,0
9306,Run,2.02,15.63,0,0
9307,Run,5,39.42,0,0
9308,Run,3,16.83,0,0
9309,Run,1.57,13.78,0,0
9310,Run,5.03,39.98,0,0
9311,Run,8.08,66.3,0,0
9312,Run,1.63,14.52,0,0
9313,Run,2.61,24.07,0,0
9314,Run,3.12,20.38,0,0
9315,Run,0.77,6.43,0,0
9316,Run,8.12,70.15,0,0
9317,Run,8.65,69.72,0,0
9318,Run,14.3,116.37,0,0
9319,Run,7.02,65.05,0,0
9320,Run,3.2,21.22,0,0
9321,Run,5.36,42.23,0,0
9322,Run,3,23.18,0,0
9323,Run,2.15,15.18,0,0
9324,Run,8.16,68.92,0,0
9325,Run,4.36,39.32,0,0
9326,Run,3.29,21.45,0,0
9327,Run,1.46,11.68,0,0
9328,Run,12.07,95.63,0,0
9329,Run,8.05,65.02,0,0
9330,Run,8.1,65.63,0,0
9331,Run,6.6,51.07,0,0
9332,Run,1.47,12.1,0,0
9333,Run,8.04,70.67,0,0
9334,Run,6.05,46.7,0,0
9335,Run,2,16.1,0,0
9336,Run,8.14,65.8,0,0
9337,Run,8.53,70.02,0,0
9338,Run,13.12,105.7,0,0
9339,Run,7.31,60.55,0,0
9340,Run,2.17,19.35,0,0
9341,Run,3.04,18.72,0,0
9342,Run,1.63,12.73,0,0
9343,Run,8,60.65,0,0
9344,Run,8.05,65.28,0,0
9345,Run,5.74,48.22,0,0
9346,Run,1.16,6.08,0,0
9347,Run,1.48,11.55,0,0
9348,Run,9.06,70.02,0,0
9349,Run,12.1,90.97,0,0
9350,Run,8.55,70.37,0,0
9351,Run,8.78,70.03,0,0
9352,Run,1.03,8.97,0,0
9353,Run,3.12,19.62,0,0
9354,Run,1.08,9.17,0,0
9355,Run,7.45,60.22,0,0
9356,Run,3.03,22.48,0,0
9357,Run,10.08,78.42,0,0
9358,Run,7.49,60.45,0,0
9359,Run,7.55,61.03,0,0
9360,Run,1.27,11.03,0,0
9361,Run,3.07,19.25,0,0
9362,Run,0.88,6.82,0,0
9363,Run,7.63,60.3,0,0
9364,Run,7.77,60.17,0,0
9365,Run,8.51,60.27,0,0
9366,Run,9.11,72.12,0,0
9367,Run,5.01,45.28,0,0
9368,Run,7.24,61.05,0,0
9369,Run,7.87,62.18,0,0
9370,Run,6.5,52.12,0,0
9371,Run,9.03,70.48,0,0
9372,Run,5.05,45.05,0,0
9373,Run,12.05,95.73,0,0
9374,Run,7.55,60.13,0,0
9375,Run,7.79,65.18,0,0
9376,Run,7.84,61.82,0,0
9377,Run,7.73,60.28,0,0
9378,Run,1,8.42,0,0
9379,Run,3.77,32.07,0,0
9380,Run,8.14,60.48,0,0
9381,Run,10.18,79.63,0,0
9382,Run,7.37,60.12,0,0
9383,Run,7.75,60.35,0,0
9384,Run,7.56,60.22,0,0
9385,Run,7.61,61.07,0,0
9386,Run,7.85,60.13,0,0
9387,Run,7.54,61.08,0,0
9388,Run,8.45,71.62,0,0
9389,Run,6.83,60.77,0,0
9390,Run,7.43,61,0,0
9391,Run,7.37,61.57,0,0
9392,Run,7.29,60.35,0,0
9393,Run,7.43,61.52,0,0
9394,Run,7.79,60.98,0,0
9395,Run,7.66,60.82,0,0
9396,Run,6.65,50.58,0,0
9397,Run,6.66,50.68,0,0
9398,Run,6.86,50.78,0,0
9399,Run,6.48,50.3,0,0
9400,Run,6.7,50.35,0,0
9401,Run,5.15,40.25,0,0
9402,Run,7.41,58.93,0,0
9403,Run,6.38,50.92,0,0
9404,Run,6.26,50.32,0,0
9405,Run,6.39,50.83,0,0
9406,Run,6.45,50.38,0,0
9407,Run,6.41,50.48,0,0
9408,Run,6.47,50.65,0,0
9409,Run,3.59,28.22,0,0
9410,Run,6.44,50.33,0,0
9411,Run,5.11,40.07,0,0
9412,Run,5.09,40.73,0,0
9413,Run,5.22,40.58,0,0
9414,Run,5.21,40.4,0,0
9415,Run,5.29,40.28,0,0
9416,Run,6.36,50.3,0,0
9417,Run,5.21,40.33,0,0
9418,Run,5.2,40.02,0,0
9419,Run,5.06,40.12,0,0
9420,Run,5.37,40.17,0,0
9421,Run,5.04,40.97,0,0
9422,Run,5,39.7,0,0
9423,Run,6.44,50.2,0,0
9424,Run,5.04,39.72,0,0
9425,Run,3.41,27.97,0,0
9426,Run,3.3,27.05,0,0
9427,Run,4.93,40.3,0,0
9428,Run,4.67,40.37,0,0
9429,Run,5.02,41.2,0,0
9430,Run,5.03,40.12,0,0
9431,Run,4.08,31.83,0,0
9432,Run,3.65,30.35,0,0
9433,Run,4.06,32.5,0,0
9434,Run,3.68,30.02,0,0
9435,Run,4.03,30.62,0,0
9436,Run,4.17,30.1,0,0
9437,Run,4.04,31.4,0,0
9438,Run,4.08,32.37,0,0
9439,Run,1.18,10.3,0,0
9440,Run,4.02,30.48,0,0
9441,Run,8.08,65.7,0,0
9442,Run,2.5,22.47,0,0
9443,Run,5.03,38.78,0,0
9444,Run,7.05,57.58,0,0
9445,Run,1.06,7.1,0,0
9446,Run,7.04,58.82,0,0
9447,Run,0.77,6.22,0,0
9448,Run,4.02,37.42,0,0
9449,Run,6.01,51.38,0,0
9450,Run,9.01,73.75,0,0
9451,Run,7.04,57.53,0,0
9452,Run,7.01,61.3,0,0
9453,Run,4.01,35.92,0,0
9454,Run,7.13,60.95,0,0
9455,Run,10.06,82.17,0,0
9456,Run,1.21,11.73,0,0
9457,Run,1.34,11.53,0,0
9458,Run,3.28,30.32,0,0
9459,Run,3.02,24.18,0,0
9460,Run,3.2,29.75,0,0
9461,Run,2.01,18.67,0,0
9462,Run,4.06,35.93,0,0
9463,Run,10.03,82.8,0,0
9464,Run,3.09,29.25,0,0
9465,Run,4.46,32.58,0,0
9466,Run,4.02,35.97,0,0
9467,Run,3.2,23.85,0,0
9468,Run,5.01,40.35,0,0
9469,Run,3.63,30.08,0,0
9470,Run,3.41,30.03,0,0
9471,Run,4.46,38.72,0,0
9472,Run,4.5,36.52,0,0
9473,Run,5.07,43.98,0,0
9474,Run,6.04,50.25,0,0
9475,Run,4.06,34.4,0,0
9476,Run,7.08,60.92,0,0
9477,Run,6.06,55,0,0
9478,Run,6.05,49.4,0,0
9479,Run,5.03,42.72,0,0
9480,Run,8.05,65.82,0,0
9481,Run,12.12,94.7,0,0
9482,Run,5.06,45.4,0,0
9483,Run,3.76,28.23,0,0
9484,Run,1.07,9.47,0,0
9485,Run,8.09,65.47,0,0
9486,Run,1.51,13.85,0,0
9487,Run,2.7,15.8,0,0
9488,Run,1,8.15,0,0
9489,Run,8.1,64.67,0,0
9490,Run,5.03,42,0,0
9491,Run,12.07,94.27,0,0
9492,Run,6.09,48.32,0,0
9493,Run,6.75,47.18,0,0
9494,Run,8.12,63.83,0,0
9495,Run,5.46,38.93,0,0
9496,Run,7.05,56.13,0,0
9497,Run,6.03,53.02,0,0
9498,Run,12.04,91.62,0,0
9499,Run,1.5,13.83,0,0
9500,Run,3,20.57,0,0
9501,Run,1.49,12.42,0,0
9502,Run,5.03,44.12,0,0
9503,Run,2,18.52,0,0
9504,Run,5.03,45.48,0,0
9505,Run,3.85,32.98,0,0
9506,Run,1.02,8.4,0,0
9507,Run,0.8,7,0,0
9508,Run,1.47,12.68,0,0
9509,Run,6.18,51.6,0,0
9510,Run,1.2,10,0,0
9511,Run,5.01,46.6,0,0
9512,Run,12.08,88.8,0,0
9513,Run,4.96,38.82,0,0
9514,Run,5.01,39.03,0,0
9515,Run,7.06,57.47,0,0
9516,Run,9.01,71.48,0,0
9517,Run,7.01,62.25,0,0
9518,Run,1.04,9.62,0,0
9519,Run,2,17.87,0,0
9520,Run,12.06,89.38,0,0
9521,Run,7,64.85,0,0
9522,Run,10.07,87.32,0,0
9523,Run,5.04,49.67,0,0
9524,Run,6.27,51.95,0,0
9525,Run,8.07,71.95,0,0
9526,Run,5.01,45.8,0,0
9527,Run,12.03,98.07,0,0
9528,Run,7.04,55.78,0,0
9529,Run,6.06,54.62,0,0
9530,Run,10.05,90.9,0,0
9531,Run,3.02,26.78,0,0
9532,Run,3.01,27.7,0,0
9533,Run,4.99,46.15,0,0
9534,Run,10.08,90.98,0,0
9535,Run,7.03,63.45,0,0
9536,Run,4.79,44.45,0,0
9537,Run,5.6,42.25,0,0
9538,Run,0.85,7.95,0,0
9539,Run,1.36,11.38,0,0
9540,Run,3.28,30.78,0,0
9541,Run,1.05,10.52,0,0
9542,Run,1.41,12.68,0,0
9543,Run,2.15,18.42,0,0
9544,Run,1.19,10.43,0,0
9545,Run,4.64,39.48,0,0
9546,Run,3.57,30.45,0,0
9547,Run,0.52,5.27,0,0
9548,Run,1.07,9.63,0,0
9549,Run,4.09,36.5,0,0
9550,Run,6.04,47.88,0,0
9551,Run,7.1,55.12,0,0
9552,Run,5.58,40.93,0,0
9553,Run,5.02,38.87,0,0
9554,Run,3.04,30.28,0,0
9555,Run,4.04,32.97,0,0
9556,Run,5,42.78,0,0
9557,Run,5.01,43.65,0,0
9558,Run,8.13,66.37,0,0
9559,Run,3.99,33,0,0
9560,Run,3.38,23.95,0,0
9561,Run,1.11,10.07,0,0
9562,Run,3.57,31.62,0,0
9563,Run,1.25,12.7,0,0
9564,Run,5.06,42.68,0,0
9565,Run,10.04,85.15,0,0
9566,Run,2.54,23.15,0,0
9567,Run,5.07,43.02,0,0
9568,Run,5.28,33.82,0,0
9569,Run,7.04,59.97,0,0
9570,Run,4.54,30.17,0,0
9571,Run,6.57,58.52,0,0
9572,Run,12.04,101.47,0,0
9573,Run,2.17,22.1,0,0
9574,Run,1.11,10.05,0,0
9575,Run,5.08,41.25,0,0
9576,Run,6.12,52.52,0,0
9577,Run,6.77,44.02,0,0
9578,Run,7.07,62.55,0,0
9579,Run,11.14,89.75,0,0
9580,Run,1.14,10.62,0,0
9581,Run,0.81,7.78,0,0
9582,Run,3.45,31.22,0,0
9583,Run,1.1,9.7,0,0
9584,Run,4.22,27.43,0,0
9585,Run,5,42.43,0,0
9586,Run,6.32,52,0,0
9587,Run,8.77,73.65,0,0
9588,Run,10.17,83.48,0,0
9589,Run,5.78,44.65,0,0
9590,Run,5.79,49.6,0,0
9591,Run,6.25,45.65,0,0
9592,Run,7.64,62.82,0,0
9593,Run,6.89,56.33,0,0
9594,Run,7.45,60.5,0,0
9595,Run,9.08,72.12,0,0
9596,Run,2.98,32.42,0,0
9597,Run,0.25,2.3,0,0
9598,Run,5.31,43.12,0,0
9599,Run,3.87,31.12,0,0
9600,Run,7.64,61.77,0,0
9601,Run,5.24,37.42,0,0
9602,Run,9.11,70.97,0,0
9603,Run,7.18,55.05,0,0
9604,Run,5.52,43.63,0,0
9605,Run,5.27,40.37,0,0
9606,Run,1.17,10.05,0,0
9607,Run,5.01,41.17,0,0
9608,Run,1.17,10.13,0,0
9609,Run,6.63,54.58,0,0
9610,Run,4.01,31.48,0,0
9611,Run,6.15,50.02,0,0
9612,Run,8.02,63.95,0,0
9613,Run,6.47,55.2,0,0
9614,Run,5.29,40.95,0,0
9615,Run,1.52,12.48,0,0
9616,Run,2.1,20.3,0,0
9617,Run,1.16,10.53,0,0
9618,Run,4.81,125.77,0,0
9619,Run,2.09,19.3,0,0
9620,Run,1.2,10.3,0,0
9621,Run,4.06,34.52,0,0
9622,Run,10.15,86.52,0,0
9623,Run,4.78,41.27,0,0
9624,Run,3.87,33.02,0,0
9625,Run,3.52,27.98,0,0
9626,Run,4.75,37.87,0,0
9627,Run,4.02,33.32,0,0
9628,Run,6.1,50.48,0,0
9629,Run,3.29,28.18,0,0
9630,Run,3.83,30.15,0,0
9631,Run,3.16,25.95,0,0
9632,Run,12.06,96.3,0,0
9633,Run,5.85,42.48,0,0
9634,Run,6.02,51.33,0,0
9635,Run,8.35,70.67,0,0
9636,Run,7.21,60.4,0,0
9637,Run,5.07,40.97,0,0
9638,Run,5.05,43.73,0,0
9639,Run,5.05,43.3,0,0
9640,Run,12.06,97.35,0,0
9641,Run,0.77,7.13,0,0
9642,Run,1.57,13.27,0,0
9643,Run,3.47,30.07,0,0
9644,Run,3.69,31.02,0,0
9645,Run,3.97,29.23,0,0
9646,Run,1.46,11.88,0,0
9647,Run,3.4,29.4,0,0
9648,Run,0.44,4.52,0,0
9649,Run,1,9.53,0,0
9650,Run,4.61,40.6,0,0
9651,Run,5.07,42.75,0,0
9652,Run,7.32,60.68,0,0
9653,Run,1.09,10.03,0,0
9654,Run,3.79,22.62,0,0
9655,Run,1.29,12.68,0,0
9656,Run,5.35,42.55,0,0
9657,Run,0.71,7.15,0,0
9658,Run,1.39,12.17,0,0
9659,Run,3.25,26.9,0,0
9660,Run,5.29,42.17,0,0
9661,Run,1.18,10.67,0,0
9662,Run,2.6,16.68,0,0
9663,Run,1.1,10.57,0,0
9664,Run,4.76,35.82,0,0
9665,Run,1.9,15.3,0,0
9666,Run,3.6,30.15,0,0
9667,Run,1.18,10.43,0,0
9668,Run,3.53,20.23,0,0
9669,Run,1.06,10.08,0,0
9670,Run,6.23,52.52,0,0
9671,Run,6,50.5,0,0
9672,Run,4.82,35.12,0,0
9673,Run,1.34,11.42,0,0
9674,Run,3.36,30.23,0,0
9675,Run,3.17,28.25,0,0
9676,Run,3.77,25.63,0,0
9677,Run,1.21,11.6,0,0
9678,Run,8.02,67.5,0,0
9679,Run,1.92,15.33,0,0
9680,Run,3.42,30.73,0,0
9681,Run,3.76,25.6,0,0
9682,Run,1.53,13.5,0,0
9683,Run,6.11,54.73,0,0
9684,Run,6.26,51.95,0,0
9685,Run,7.12,54.62,0,0
9686,Run,8.1,58.47,0,0
9687,Run,12.08,100.08,0,0
9688,Run,2,18.62,0,0
9689,Run,3.72,31.32,0,0
9690,Run,3.73,27.67,0,0
9691,Run,1,8.88,0,0
9692,Run,1.6,15.75,0,0
9693,Run,1.4,13.33,0,0
9694,Run,5.08,44.17,0,0
9695,Run,7.06,59.88,0,0
9696,Run,12.07,101.33,0,0
9697,Run,2.24,22.45,0,0
9698,Run,4.24,35.35,0,0
9699,Run,5.02,41.15,0,0
9700,Run,6.02,50.82,0,0
9701,Run,1.57,15.08,0,0
9702,Run,0.54,4.92,0,0
9703,Run,3,30.33,0,0
9704,Run,1.91,19.97,0,0
9705,Run,3.58,30.07,0,0
9706,Run,6.12,50.3,0,0
9707,Run,2.28,16.78,0,0
9708,Run,1.48,13.93,0,0
9709,Run,1.04,6.07,0,0
9710,Run,5.74,45.9,0,0
9711,Run,6.4,50.2,0,0
9712,Run,7.96,64.45,0,0
9713,Run,3.56,28.42,0,0
9714,Run,5.65,45.07,0,0
9715,Run,3.76,30.08,0,0
9716,Run,5.07,39.93,0,0
9717,Run,10.15,80.13,0,0
9718,Run,7.99,62.6,0,0
9719,Run,6.55,51.72,0,0
9720,Run,3.6,30.18,0,0
9721,Run,3.48,30.13,0,0
9722,Run,2.31,20.12,0,0
9723,Run,1.37,11.68,0,0
9724,Run,2.41,19.78,0,0
